Date,Category P or B,COA Account,Vendor,Vendor Type,Description,Amount,Paid Thru,GST Treatment,Place Of Supply,Tax,Tax Type,Tax Inclusive
13-07-2026,Personal,Personal - Food & Dining,Noon,Online Marketplace,Online shopping /?? Noon,30.45,Mashreq_Main,business_registered_regular,BR,GST5,Tax Group,Yes
12-07-2026,Personal,Personal - Amazon Shopping,Amazon,Online Marketplace,Online shopping /?? Amazon,106.61,Mashreq_Main,business_registered_regular,BR,GST5,Tax Group,Yes
11-07-2026,Personal,Personal - Subscriptions & Software,Amazon,Online Marketplace,Online shopping /?? Amazon,16,Mashreq_Main,business_registered_regular,BR,GST5,Tax Group,Yes
10-07-2026,Personal,Personal - Food & Dining,Al Amir Sweets & Nuts,Restaurant/Confectionery,Restaurant/confectionery /?? Al Amir Sweets & Nuts,24.19,Mashreq_Main,business_registered_regular,BR,GST5,Tax Group,Yes
10-07-2026,Personal,Personal - Grocery & Household,Mohd Rashid Vegetables & Fruits,Grocery,Grocery purchase /?? Mohd Rashid Vegetables & Fruits,180,Mashreq_Main,business_registered_regular,BR,GST5,Tax Group,Yes
10-07-2026,Personal,Personal - Grocery & Household,Al Bawadi Supermarket,Supermarket,Supermarket purchase /?? Al Bawadi Supermarket,6.75,Mashreq_Main,business_registered_regular,BR,GST5,Tax Group,Yes
10-07-2026,Personal,Personal - Grocery & Household,Grand Hypermarket,Supermarket,Supermarket purchase /?? Grand Hypermarket,90.61,Mashreq_Main,business_registered_regular,BR,GST5,Tax Group,Yes
10-07-2026,Personal,Personal - Grocery & Household,Agri Fresh Foodstuff,Grocery,Grocery purchase /?? Agri Fresh Foodstuff,26,Mashreq_Main,business_registered_regular,BR,GST5,Tax Group,Yes
10-07-2026,Personal,Personal - Miscellaneous,Payment Al Quoz Branch (Bank Counter),Bank/Cash,Cash/bank transaction /?? Payment Al Quoz Branch (Bank Counter),-5700,Mashreq_Main,business_registered_regular,BR,GST5,Tax Group,Yes
10-07-2026,Personal,Personal - Vehicle Fuel,ADNOC,Fuel Station,Vehicle fuel /?? ADNOC,307,Mashreq_Main,business_registered_regular,BR,GST5,Tax Group,Yes
08-07-2026,Personal,Personal - Amazon Shopping,Amazon,Online Marketplace,Online shopping /?? Amazon,9.9,Mashreq_Main,business_registered_regular,BR,GST5,Tax Group,Yes
07-07-2026,Personal,Personal - Amazon Shopping,Amazon,Online Marketplace,Online shopping /?? Amazon,44.99,Mashreq_Main,business_registered_regular,BR,GST5,Tax Group,Yes
07-07-2026,Personal,Personal - Miscellaneous,Dubai Smart Government,Government,Government payment /?? Dubai Smart Government,100,Mashreq_Main,business_registered_regular,BR,GST5,Tax Group,Yes
06-07-2026,Personal,Personal - Amazon Shopping,Amazon,Online Marketplace,Online shopping /?? Amazon,22.49,Mashreq_Main,business_registered_regular,BR,GST5,Tax Group,Yes
06-07-2026,Personal,Personal - Amazon Shopping,Amazon,Online Marketplace,Online shopping /?? Amazon,779,Mashreq_Main,business_registered_regular,BR,GST5,Tax Group,Yes
05-07-2026,Business,Mobile & Telecom - Business,Digital Sharjah,Uncategorised - review,"Digital Sharjah /?? uncategorised, please review",448.2,Mashreq_Main,business_registered_regular,BR,GST5,Tax Group,Yes
05-07-2026,Personal,Personal - Amazon Shopping,Amazon,Online Marketplace,Online shopping /?? Amazon,69.99,Mashreq_Main,business_registered_regular,BR,GST5,Tax Group,Yes
05-07-2026,Personal,Personal - Food & Dining,Talabat,Food Delivery,Food delivery /?? Talabat,43.8,Mashreq_Main,business_registered_regular,BR,GST5,Tax Group,Yes
04-07-2026,Personal,Personal - Amazon Shopping,Amazon,Online Marketplace,Online shopping /?? Amazon,84.75,Mashreq_Main,business_registered_regular,BR,GST5,Tax Group,Yes
04-07-2026,Personal,Personal - Amazon Shopping,Amazon,Online Marketplace,Online shopping /?? Amazon,87.93,Mashreq_Main,business_registered_regular,BR,GST5,Tax Group,Yes
04-07-2026,Personal,Personal - Amazon Shopping,Amazon,Online Marketplace,Online shopping /?? Amazon,70.5,Mashreq_Main,business_registered_regular,BR,GST5,Tax Group,Yes
04-07-2026,Personal,Personal - Amazon Shopping,Amazon,Online Marketplace,Online shopping /?? Amazon,34.19,Mashreq_Main,business_registered_regular,BR,GST5,Tax Group,Yes
04-07-2026,Personal,Personal - Home Electricity,SEWA (Sharjah Electricity & Water Authority),Utility,Utility bill /?? SEWA (Sharjah Electricity & Water Authority),1084.15,Mashreq_Main,business_registered_regular,BR,GST5,Tax Group,Yes
02-07-2026,Personal,Personal - Food & Dining,Chhappan Bhog,Restaurant,Restaurant / dining /?? Chhappan Bhog,18,Mashreq_Main,business_registered_regular,BR,GST5,Tax Group,Yes
02-07-2026,Personal,Personal - Grocery & Household,Anwar Al Hidayah Foodstuff,Supermarket,Supermarket purchase /?? Anwar Al Hidayah Foodstuff,238.28,Mashreq_Main,business_registered_regular,BR,GST5,Tax Group,Yes
02-07-2026,Personal,Personal - Grocery & Household,Agri Fresh Foodstuff,Grocery,Grocery purchase /?? Agri Fresh Foodstuff,43,Mashreq_Main,business_registered_regular,BR,GST5,Tax Group,Yes
29-06-2026,Personal,Personal - Amazon Shopping,Amazon,Online Marketplace,Online shopping /?? Amazon,57.5,Mashreq_Main,business_registered_regular,BR,GST5,Tax Group,Yes
29-06-2026,Personal,Personal - Parking & Salik,National Parking Company,Parking/Salik,Parking / Salik toll /?? National Parking Company,16,Mashreq_Main,business_registered_regular,BR,GST5,Tax Group,Yes
29-06-2026,Personal,Personal - Vehicle Maintenance,Car Center Services,Vehicle Maintenance,Vehicle maintenance/repair /?? Car Center Services,44.1,Mashreq_Main,business_registered_regular,BR,GST5,Tax Group,Yes
27-06-2026,Business,Software Subscriptions - Business,Zoho Corp,Software/Cloud,Software/cloud subscription /?? Zoho Corp,45.99,Mashreq_Main,business_registered_regular,BR,GST5,Tax Group,Yes
25-06-2026,Personal,Personal - Amazon Shopping,Amazon,Online Marketplace,Online shopping /?? Amazon,70.98,Mashreq_Main,business_registered_regular,BR,GST5,Tax Group,Yes
24-06-2026,Personal,Personal - Air Travel,Air Arabia,Airline,Air travel booking /?? Air Arabia,39.32,Mashreq_Main,business_registered_regular,BR,GST5,Tax Group,Yes
24-06-2026,Personal,Personal - Amazon Shopping,Amazon,Online Marketplace,Online shopping /?? Amazon,83.63,Mashreq_Main,business_registered_regular,BR,GST5,Tax Group,Yes
21-06-2026,Personal,Personal - Amazon Shopping,Amazon,Online Marketplace,Online shopping /?? Amazon,73.89,Mashreq_Main,business_registered_regular,BR,GST5,Tax Group,Yes
19-06-2026,Personal,Personal - Amazon Shopping,Amazon,Online Marketplace,Online shopping /?? Amazon,21.88,Mashreq_Main,business_registered_regular,BR,GST5,Tax Group,Yes
18-06-2026,Personal,Personal - Amazon Shopping,Amazon,Online Marketplace,Online shopping /?? Amazon,53.42,Mashreq_Main,business_registered_regular,BR,GST5,Tax Group,Yes
18-06-2026,Business,Vat Payment To Fta,Federal Tax Authority (FTA),Government / VAT,VAT payment /?? Federal Tax Authority (FTA),4402.81,Mashreq_Main,business_registered_regular,BR,GST5,Tax Group,Yes
17-06-2026,Business,Bank & Card Annual Fees,Card Fee/EMI/VAT Adjustment,Card Adjustment,Card adjustment/refund /?? Card Fee/EMI/VAT Adjustment,32.5,Mashreq_Main,business_registered_regular,BR,GST5,Tax Group,Yes
17-06-2026,Business,Bank & Card Annual Fees,Card Fee/EMI/VAT Adjustment,Card Adjustment,Card adjustment/refund /?? Card Fee/EMI/VAT Adjustment,650,Mashreq_Main,business_registered_regular,BR,GST5,Tax Group,Yes
16-06-2026,Personal,Personal - Amazon Shopping,Amazon,Online Marketplace,Online shopping /?? Amazon,85.54,Mashreq_Main,business_registered_regular,BR,GST5,Tax Group,Yes
15-06-2026,Personal,Personal - Amazon Shopping,Amazon,Online Marketplace,Online shopping /?? Amazon,9.4,Mashreq_Main,business_registered_regular,BR,GST5,Tax Group,Yes
13-06-2026,Business,Mobile & Telecom - Business,Digital Sharjah,Uncategorised - review,"Digital Sharjah /?? uncategorised, please review",448.2,Mashreq_Main,business_registered_regular,BR,GST5,Tax Group,Yes
13-06-2026,Personal,Personal - Home Electricity,SEWA (Sharjah Electricity & Water Authority),Utility,Utility bill /?? SEWA (Sharjah Electricity & Water Authority),423.97,Mashreq_Main,business_registered_regular,BR,GST5,Tax Group,Yes
13-06-2026,Personal,Personal - Parking & Salik,RTA (Roads & Transport Authority),Government,Government payment /?? RTA (Roads & Transport Authority),100,Mashreq_Main,business_registered_regular,BR,GST5,Tax Group,Yes
12-06-2026,Personal,Personal - Amazon Shopping,Amazon,Online Marketplace,Online shopping /?? Amazon,27.61,Mashreq_Main,business_registered_regular,BR,GST5,Tax Group,Yes
12-06-2026,Personal,Personal - Miscellaneous,Dubai Smart Government,Government,Government payment /?? Dubai Smart Government,2.1,Mashreq_Main,business_registered_regular,BR,GST5,Tax Group,Yes
12-06-2026,Personal,Personal - Miscellaneous,Dubai Smart Government,Government,Government payment /?? Dubai Smart Government,2.1,Mashreq_Main,business_registered_regular,BR,GST5,Tax Group,Yes
11-06-2026,Personal,Personal - Amazon Shopping,Amazon,Online Marketplace,Online shopping /?? Amazon,58.2,Mashreq_Main,business_registered_regular,BR,GST5,Tax Group,Yes
11-06-2026,Personal,Personal - Subscriptions & Software,Amazon,Online Marketplace,Online shopping /?? Amazon,16,Mashreq_Main,business_registered_regular,BR,GST5,Tax Group,Yes
10-06-2026,Personal,Personal - Amazon Shopping,Amazon,Online Marketplace,Online shopping /?? Amazon,100.38,Mashreq_Main,business_registered_regular,BR,GST5,Tax Group,Yes
09-06-2026,Personal,Personal - Amazon Shopping,Amazon,Online Marketplace,Online shopping /?? Amazon,152.29,Mashreq_Main,business_registered_regular,BR,GST5,Tax Group,Yes
09-06-2026,Personal,Personal - Miscellaneous,PB Orient Insurance,Insurance,Insurance payment /?? PB Orient Insurance,479.74,Mashreq_Main,business_registered_regular,BR,GST5,Tax Group,Yes
09-06-2026,Personal,Personal - Miscellaneous,Payment Al Quoz Branch (Bank Counter),Bank/Cash,Cash/bank transaction /?? Payment Al Quoz Branch (Bank Counter),-700,Mashreq_Main,business_registered_regular,BR,GST5,Tax Group,Yes
02-06-2026,Personal,Personal - Amazon Shopping,Amazon,Online Marketplace,Online shopping /?? Amazon,121.07,Mashreq_Main,business_registered_regular,BR,GST5,Tax Group,Yes
02-06-2026,Personal,Personal - Miscellaneous,Liva Insurance,Insurance,Insurance payment /?? Liva Insurance,1785,Mashreq_Main,business_registered_regular,BR,GST5,Tax Group,Yes
02-06-2026,Personal,Personal - Miscellaneous,Dubai Smart Government,Government,Government payment /?? Dubai Smart Government,405,Mashreq_Main,business_registered_regular,BR,GST5,Tax Group,Yes
30-05-2026,Personal,Personal - Parking & Salik,RTA (Roads & Transport Authority),Government,Government payment /?? RTA (Roads & Transport Authority),50,Mashreq_Main,business_registered_regular,BR,GST5,Tax Group,Yes
28-05-2026,Personal,Personal - Amazon Shopping,Amazon,Online Marketplace,Online shopping /?? Amazon,54.41,Mashreq_Main,business_registered_regular,BR,GST5,Tax Group,Yes
26-05-2026,Personal,Personal - Travel & Conveyance,Citi Taxi,Transport,Transport/taxi /?? Citi Taxi,22.25,Mashreq_Main,business_registered_regular,BR,GST5,Tax Group,Yes
26-05-2026,Personal,Personal - Vehicle Maintenance,Al Intikhab Auto Maintenance,Vehicle Maintenance,Vehicle maintenance/repair /?? Al Intikhab Auto Maintenance,500,Mashreq_Main,business_registered_regular,BR,GST5,Tax Group,Yes
25-05-2026,Personal,Personal - Amazon Shopping,Amazon,Online Marketplace,Online shopping /?? Amazon,127.82,Mashreq_Main,business_registered_regular,BR,GST5,Tax Group,Yes
23-05-2026,Business,Mobile & Telecom - Business,Etisalat (e&),Telecom,Telecom / mobile bill /?? Etisalat (e&),5,Mashreq_Main,business_registered_regular,BR,GST5,Tax Group,Yes
23-05-2026,Personal,Personal - Travel & Conveyance,Citi Taxi,Transport,Transport/taxi /?? Citi Taxi,20.25,Mashreq_Main,business_registered_regular,BR,GST5,Tax Group,Yes
22-05-2026,Personal,Personal - Food & Dining,Al Ain Food & Beverages,Restaurant/Grocery,Restaurant/grocery /?? Al Ain Food & Beverages,200,Mashreq_Main,business_registered_regular,BR,GST5,Tax Group,Yes
22-05-2026,Personal,Personal - Travel & Conveyance,Citi Taxi,Transport,Transport/taxi /?? Citi Taxi,16.5,Mashreq_Main,business_registered_regular,BR,GST5,Tax Group,Yes
19-05-2026,Personal,Personal - Amazon Shopping,Amazon,Online Marketplace,Online shopping /?? Amazon,25.25,Mashreq_Main,business_registered_regular,BR,GST5,Tax Group,Yes
18-05-2026,Personal,Personal - Amazon Shopping,Amazon,Online Marketplace,Online shopping /?? Amazon,50.38,Mashreq_Main,business_registered_regular,BR,GST5,Tax Group,Yes
18-05-2026,Personal,Personal - Grocery & Household,Al Bawadi Supermarket,Supermarket,Supermarket purchase /?? Al Bawadi Supermarket,10.75,Mashreq_Main,business_registered_regular,BR,GST5,Tax Group,Yes
17-05-2026,Business,Mobile & Telecom - Business,Etisalat (e&),Telecom,Telecom / mobile bill /?? Etisalat (e&),448.2,Mashreq_Main,business_registered_regular,BR,GST5,Tax Group,Yes
17-05-2026,Personal,Personal - Travel & Conveyance,Sharjah Taxi,Transport,Transport/taxi /?? Sharjah Taxi,62.25,Mashreq_Main,business_registered_regular,BR,GST5,Tax Group,Yes
08-05-2026,Personal,Personal - Miscellaneous,Inward IPP Credit (Instant Payment),Bank Transfer,Bank transfer /?? Inward IPP Credit (Instant Payment),-11000,Mashreq_Main,business_registered_regular,BR,GST5,Tax Group,Yes
17-04-2026,Personal,Personal - Air Travel,Air Arabia,Airline,Air travel booking /?? Air Arabia,402.61,Mashreq_Main,business_registered_regular,BR,GST5,Tax Group,Yes
17-04-2026,Personal,Personal - Air Travel,Air Arabia,Airline,Air travel booking /?? Air Arabia,395.04,Mashreq_Main,business_registered_regular,BR,GST5,Tax Group,Yes
07-04-2026,Personal,Personal - Miscellaneous,Inward IPP Credit (Instant Payment),Bank Transfer,Bank transfer /?? Inward IPP Credit (Instant Payment),-6000,Mashreq_Main,business_registered_regular,BR,GST5,Tax Group,Yes
27-03-2026,Business,Vat Payment To Fta,Federal Tax Authority (FTA),Government / VAT,VAT payment /?? Federal Tax Authority (FTA),7689.37,Mashreq_Main,business_registered_regular,BR,GST5,Tax Group,Yes
10-03-2026,Personal,Personal - Miscellaneous,Payment Al Quoz Branch (Bank Counter),Bank/Cash,Cash/bank transaction /?? Payment Al Quoz Branch (Bank Counter),0,Mashreq_Main,business_registered_regular,BR,GST5,Tax Group,Yes
16-02-2026,Personal,Personal - Air Travel,Air Arabia,Airline,Air travel booking /?? Air Arabia,1498.24,Mashreq_Main,business_registered_regular,BR,GST5,Tax Group,Yes
16-02-2026,Personal,Personal - Air Travel,Air Arabia,Airline,Air travel booking /?? Air Arabia,1462.71,Mashreq_Main,business_registered_regular,BR,GST5,Tax Group,Yes
16-02-2026,Personal,Personal - Air Travel,Air Arabia,Airline,Air travel booking /?? Air Arabia,1505.86,Mashreq_Main,business_registered_regular,BR,GST5,Tax Group,Yes
09-02-2026,Personal,Personal - Miscellaneous,Payment Al Quoz Branch (Bank Counter),Bank/Cash,Cash/bank transaction /?? Payment Al Quoz Branch (Bank Counter),0,Mashreq_Main,business_registered_regular,BR,GST5,Tax Group,Yes
14-01-2026,Personal,Personal - Miscellaneous,Rapid Pro Typing Services,Printing & Stationery,Printing & stationery /?? Rapid Pro Typing Services,261.86,Mashreq_Main,business_registered_regular,BR,GST5,Tax Group,Yes
14-01-2026,Personal,Personal - Vehicle Fuel,Emarat,Fuel Station,Vehicle fuel /?? Emarat,110.01,Mashreq_Main,business_registered_regular,BR,GST5,Tax Group,Yes
10-12-2025,Personal,Personal - Miscellaneous,Payment Al Quoz Branch (Bank Counter),Bank/Cash,Cash/bank transaction /?? Payment Al Quoz Branch (Bank Counter),0,Mashreq_Main,business_registered_regular,BR,GST5,Tax Group,Yes
13-11-2025,Business,Mobile & Telecom - Business,Virgin Mobile UAE,Telecom,Telecom / mobile bill /?? Virgin Mobile UAE,554.4,Mashreq_Main,business_registered_regular,BR,GST5,Tax Group,Yes
12-11-2025,Personal,Personal - Grocery & Household,Day To Day Supermarket,Supermarket,Supermarket purchase /?? Day To Day Supermarket,170.5,Mashreq_Main,business_registered_regular,BR,GST5,Tax Group,Yes
11-11-2025,Business,Mobile & Telecom - Business,Digital,Uncategorised - review,"Digital /?? uncategorised, please review",2,Mashreq_Main,business_registered_regular,BR,GST5,Tax Group,Yes
11-11-2025,Personal,Personal - Amazon Shopping,Amazon,Online Marketplace,Online shopping /?? Amazon,28.24,Mashreq_Main,business_registered_regular,BR,GST5,Tax Group,Yes
11-11-2025,Personal,Personal - Medical & Pharmacy,Al Resalah Physiotherapy,Medical,Medical expense /?? Al Resalah Physiotherapy,150,Mashreq_Main,business_registered_regular,BR,GST5,Tax Group,Yes
10-11-2025,Personal,Personal - Medical & Pharmacy,Al Rafidain Pharmacy,Pharmacy,Pharmacy purchase /?? Al Rafidain Pharmacy,33,Mashreq_Main,business_registered_regular,BR,GST5,Tax Group,Yes
10-11-2025,Personal,Personal - Miscellaneous,Payment Al Quoz Branch (Bank Counter),Bank/Cash,Cash/bank transaction /?? Payment Al Quoz Branch (Bank Counter),0,Mashreq_Main,business_registered_regular,BR,GST5,Tax Group,Yes
09-11-2025,Personal,Personal - Food & Dining,Silver Diamond Cafe,Restaurant,Restaurant / dining /?? Silver Diamond Cafe,12,Mashreq_Main,business_registered_regular,BR,GST5,Tax Group,Yes
09-11-2025,Personal,Personal - Food & Dining,Silver Diamond Cafe,Restaurant,Restaurant / dining /?? Silver Diamond Cafe,17.25,Mashreq_Main,business_registered_regular,BR,GST5,Tax Group,Yes
07-11-2025,Business,Mobile & Telecom - Business,Virgin Mobile UAE,Telecom,Telecom / mobile bill /?? Virgin Mobile UAE,554.4,Mashreq_Main,business_registered_regular,BR,GST5,Tax Group,Yes
07-11-2025,Personal,Personal - Grocery & Household,Grand Hypermarket,Supermarket,Supermarket purchase /?? Grand Hypermarket,159.42,Mashreq_Main,business_registered_regular,BR,GST5,Tax Group,Yes
07-11-2025,Personal,Personal - Grocery & Household,Al Jubail Vegetables & Fruits,Grocery,Grocery purchase /?? Al Jubail Vegetables & Fruits,30,Mashreq_Main,business_registered_regular,BR,GST5,Tax Group,Yes
07-11-2025,Personal,Personal - Grocery & Household,Mohd Rashid Vegetables & Fruits,Grocery,Grocery purchase /?? Mohd Rashid Vegetables & Fruits,184,Mashreq_Main,business_registered_regular,BR,GST5,Tax Group,Yes
07-11-2025,Personal,Personal - Grocery & Household,Al Bawadi Supermarket,Supermarket,Supermarket purchase /?? Al Bawadi Supermarket,12.75,Mashreq_Main,business_registered_regular,BR,GST5,Tax Group,Yes
06-11-2025,Personal,Personal - Amazon Shopping,Amazon,Online Marketplace,Online shopping /?? Amazon,58.2,Mashreq_Main,business_registered_regular,BR,GST5,Tax Group,Yes
06-11-2025,Personal,Personal - Amazon Shopping,Amazon,Online Marketplace,Online shopping /?? Amazon,48,Mashreq_Main,business_registered_regular,BR,GST5,Tax Group,Yes
06-11-2025,Personal,Personal - Amazon Shopping,Amazon,Online Marketplace,Online shopping /?? Amazon,52.44,Mashreq_Main,business_registered_regular,BR,GST5,Tax Group,Yes
04-11-2025,Personal,Personal - Amazon Shopping,Amazon,Online Marketplace,Online shopping /?? Amazon,6.24,Mashreq_Main,business_registered_regular,BR,GST5,Tax Group,Yes
03-11-2025,Personal,Personal - Medical & Pharmacy,Al Rafidain Pharmacy,Pharmacy,Pharmacy purchase /?? Al Rafidain Pharmacy,42,Mashreq_Main,business_registered_regular,BR,GST5,Tax Group,Yes
31-10-2025,Business,Mobile & Telecom - Business,Virgin Mobile UAE,Telecom,Telecom / mobile bill /?? Virgin Mobile UAE,598.5,Mashreq_Main,business_registered_regular,BR,GST5,Tax Group,Yes
31-10-2025,Personal,Personal - Medical & Pharmacy,Al Rafidain Pharmacy,Pharmacy,Pharmacy purchase /?? Al Rafidain Pharmacy,42,Mashreq_Main,business_registered_regular,BR,GST5,Tax Group,Yes
30-10-2025,Business,Mobile & Telecom - Business,Digital,Uncategorised - review,"Digital /?? uncategorised, please review",2,Mashreq_Main,business_registered_regular,BR,GST5,Tax Group,Yes
30-10-2025,Personal,Personal - Grocery & Household,Al Bawadi Supermarket,Supermarket,Supermarket purchase /?? Al Bawadi Supermarket,19.5,Mashreq_Main,business_registered_regular,BR,GST5,Tax Group,Yes
30-10-2025,Personal,Personal - Grocery & Household,Anwar Al Hidayah Foodstuff,Supermarket,Supermarket purchase /?? Anwar Al Hidayah Foodstuff,244.61,Mashreq_Main,business_registered_regular,BR,GST5,Tax Group,Yes
30-10-2025,Personal,Personal - Shopping & Lifestyle,Temu,Retail - Online,Online retail purchase /?? Temu,117.39,Mashreq_Main,business_registered_regular,BR,GST5,Tax Group,Yes
30-10-2025,Personal,Personal - Shopping & Lifestyle,Temu,Retail - Online,Online retail purchase /?? Temu,23.51,Mashreq_Main,business_registered_regular,BR,GST5,Tax Group,Yes
30-10-2025,Personal,Personal - Shopping & Lifestyle,Temu,Retail - Online,Online retail purchase /?? Temu,38.27,Mashreq_Main,business_registered_regular,BR,GST5,Tax Group,Yes
30-10-2025,Personal,Personal - Shopping & Lifestyle,Temu,Retail - Online,Online retail purchase /?? Temu,15.37,Mashreq_Main,business_registered_regular,BR,GST5,Tax Group,Yes
28-10-2025,Personal,Personal - Medical & Pharmacy,Al Rafidain Pharmacy,Pharmacy,Pharmacy purchase /?? Al Rafidain Pharmacy,13,Mashreq_Main,business_registered_regular,BR,GST5,Tax Group,Yes
27-10-2025,Business,Mobile & Telecom - Business,Etisalat (e&),Telecom,Telecom / mobile bill /?? Etisalat (e&),30,Mashreq_Main,business_registered_regular,BR,GST5,Tax Group,Yes
26-10-2025,Personal,Personal - Food & Dining,Noon,Online Marketplace,Online shopping /?? Noon,51.12,Mashreq_Main,business_registered_regular,BR,GST5,Tax Group,Yes
26-10-2025,Personal,Personal - Medical & Pharmacy,Golden Life Pharmacy,Pharmacy,Pharmacy purchase /?? Golden Life Pharmacy,22.87,Mashreq_Main,business_registered_regular,BR,GST5,Tax Group,Yes
25-10-2025,Personal,Personal - Food & Dining,Al Basateen Al Syriah,Restaurant,Restaurant / dining /?? Al Basateen Al Syriah,19.25,Mashreq_Main,business_registered_regular,BR,GST5,Tax Group,Yes
25-10-2025,Personal,Personal - Food & Dining,Silver Diamond Cafe,Restaurant,Restaurant / dining /?? Silver Diamond Cafe,29.25,Mashreq_Main,business_registered_regular,BR,GST5,Tax Group,Yes
25-10-2025,Personal,Personal - Grocery & Household,Al Bawadi Supermarket,Supermarket,Supermarket purchase /?? Al Bawadi Supermarket,19.5,Mashreq_Main,business_registered_regular,BR,GST5,Tax Group,Yes
25-10-2025,Personal,Personal - Grocery & Household,Grand Hypermarket,Supermarket,Supermarket purchase /?? Grand Hypermarket,41.98,Mashreq_Main,business_registered_regular,BR,GST5,Tax Group,Yes
25-10-2025,Personal,Personal - Grocery & Household,Mohd Rashid Vegetables & Fruits,Grocery,Grocery purchase /?? Mohd Rashid Vegetables & Fruits,115,Mashreq_Main,business_registered_regular,BR,GST5,Tax Group,Yes
25-10-2025,Personal,Personal - Grocery & Household,Grand Hypermarket,Supermarket,Supermarket purchase /?? Grand Hypermarket,61.93,Mashreq_Main,business_registered_regular,BR,GST5,Tax Group,Yes
24-10-2025,Business,Electricity - Business Premises,Dubai Smart Government,Government,Government payment /?? Dubai Smart Government,442.95,Mashreq_Main,business_registered_regular,BR,GST5,Tax Group,Yes
24-10-2025,Business,Electricity - Business Premises,Dubai Smart Government,Government,Government payment /?? Dubai Smart Government,50,Mashreq_Main,business_registered_regular,BR,GST5,Tax Group,Yes
24-10-2025,Business,Electricity - Business Premises,Dubai Smart Government,Government,Government payment /?? Dubai Smart Government,50,Mashreq_Main,business_registered_regular,BR,GST5,Tax Group,Yes
23-10-2025,Personal,Personal - Grocery & Household,Every Day Fresh Hypermarket,Supermarket,Supermarket purchase /?? Every Day Fresh Hypermarket,20.79,Mashreq_Main,business_registered_regular,BR,GST5,Tax Group,Yes
21-10-2025,Personal,Personal - Shopping & Lifestyle,Lulu Hypermarket,Supermarket,Supermarket purchase /?? Lulu Hypermarket,85,Mashreq_Main,business_registered_regular,BR,GST5,Tax Group,Yes
20-10-2025,Personal,Personal - Drinking Water,Al Huda Drinking Water,Utility,Utility bill /?? Al Huda Drinking Water,400,Mashreq_Main,business_registered_regular,BR,GST5,Tax Group,Yes
19-10-2025,Business,Mobile & Telecom - Business,Digital,Uncategorised - review,"Digital /?? uncategorised, please review",2,Mashreq_Main,business_registered_regular,BR,GST5,Tax Group,Yes
19-10-2025,Personal,Personal - Food & Dining,Fortune Foods,Supermarket,Supermarket purchase /?? Fortune Foods,38,Mashreq_Main,business_registered_regular,BR,GST5,Tax Group,Yes
19-10-2025,Personal,Personal - Grocery & Household,Perumal Stores,Supermarket,Supermarket purchase /?? Perumal Stores,45,Mashreq_Main,business_registered_regular,BR,GST5,Tax Group,Yes
19-10-2025,Personal,Personal - Grocery & Household,Anwar Al Hidayah Foodstuff,Supermarket,Supermarket purchase /?? Anwar Al Hidayah Foodstuff,27.8,Mashreq_Main,business_registered_regular,BR,GST5,Tax Group,Yes
19-10-2025,Personal,Personal - Grocery & Household,Anwar Al Hidayah Foodstuff,Supermarket,Supermarket purchase /?? Anwar Al Hidayah Foodstuff,39.25,Mashreq_Main,business_registered_regular,BR,GST5,Tax Group,Yes
19-10-2025,Personal,Personal - Shopping & Lifestyle,Zahrit Al Yasmeen (Florist),Retail - Florist,Florist purchase /?? Zahrit Al Yasmeen (Florist),30,Mashreq_Main,business_registered_regular,BR,GST5,Tax Group,Yes
18-10-2025,Personal,Personal - Grocery & Household,Day To Day Supermarket,Supermarket,Supermarket purchase /?? Day To Day Supermarket,11.95,Mashreq_Main,business_registered_regular,BR,GST5,Tax Group,Yes
18-10-2025,Personal,Personal - Grocery & Household,Day To Day Supermarket,Supermarket,Supermarket purchase /?? Day To Day Supermarket,3,Mashreq_Main,business_registered_regular,BR,GST5,Tax Group,Yes
18-10-2025,Personal,Personal - Grocery & Household,Day To Day Supermarket,Supermarket,Supermarket purchase /?? Day To Day Supermarket,35.75,Mashreq_Main,business_registered_regular,BR,GST5,Tax Group,Yes
18-10-2025,Personal,Personal - Grocery & Household,Day To Day Supermarket,Supermarket,Supermarket purchase /?? Day To Day Supermarket,98.15,Mashreq_Main,business_registered_regular,BR,GST5,Tax Group,Yes
12-10-2025,Personal,Personal - Vehicle Fuel,ADNOC,Fuel Station,Vehicle fuel /?? ADNOC,90.04,Mashreq_Main,business_registered_regular,BR,GST5,Tax Group,Yes
11-10-2025,Personal,Personal - Subscriptions & Software,Amazon,Online Marketplace,Online shopping /?? Amazon,16,Mashreq_Main,business_registered_regular,BR,GST5,Tax Group,Yes
10-10-2025,Personal,Personal - Miscellaneous,Payment Al Karama Centre (Bank Counter),Bank/Cash,Cash/bank transaction /?? Payment Al Karama Centre (Bank Counter),0,Mashreq_Main,business_registered_regular,BR,GST5,Tax Group,Yes
10-10-2025,Personal,Personal - Shopping & Lifestyle,Alhameidi Department Store,Retail,Retail purchase /?? Alhameidi Department Store,51,Mashreq_Main,business_registered_regular,BR,GST5,Tax Group,Yes
09-10-2025,Business,Mobile & Telecom - Business,Digital,Uncategorised - review,"Digital /?? uncategorised, please review",2,Mashreq_Main,business_registered_regular,BR,GST5,Tax Group,Yes
09-10-2025,Personal,Personal - Food & Dining,Puranmal Restaurant & Sweets,Restaurant,Restaurant / dining /?? Puranmal Restaurant & Sweets,29.84,Mashreq_Main,business_registered_regular,BR,GST5,Tax Group,Yes
09-10-2025,Personal,Personal - Grocery & Household,Anwar Al Hidayah Foodstuff,Supermarket,Supermarket purchase /?? Anwar Al Hidayah Foodstuff,319.33,Mashreq_Main,business_registered_regular,BR,GST5,Tax Group,Yes
09-10-2025,Personal,Personal - Shopping & Lifestyle,Sout Al Maqas Hair Salon,Salon/Beauty,Salon/beauty service /?? Sout Al Maqas Hair Salon,10,Mashreq_Main,business_registered_regular,BR,GST5,Tax Group,Yes
09-10-2025,Personal,Personal - Vehicle Fuel,ENOC/EPPCO,Fuel Station,Vehicle fuel /?? ENOC/EPPCO,258.05,Mashreq_Main,business_registered_regular,BR,GST5,Tax Group,Yes
09-10-2025,Personal,Personal - Vehicle Fuel,Emarat,Fuel Station,Vehicle fuel /?? Emarat,102.84,Mashreq_Main,business_registered_regular,BR,GST5,Tax Group,Yes
07-10-2025,Personal,Personal - Grocery & Household,Lulu Hypermarket,Supermarket,Supermarket purchase /?? Lulu Hypermarket,20,Mashreq_Main,business_registered_regular,BR,GST5,Tax Group,Yes
06-10-2025,Personal,Personal - Vehicle Fuel,Emarat,Fuel Station,Vehicle fuel /?? Emarat,95.02,Mashreq_Main,business_registered_regular,BR,GST5,Tax Group,Yes
05-10-2025,Personal,Personal - Food & Dining,Noon,Online Marketplace,Online shopping /?? Noon,37.53,Mashreq_Main,business_registered_regular,BR,GST5,Tax Group,Yes
04-10-2025,Business,Printing & Stationery,A B Print House,Printing & Stationery,Printing & stationery /?? A B Print House,3,Mashreq_Main,business_registered_regular,BR,GST5,Tax Group,Yes
02-10-2025,Personal,Personal - Vehicle Fuel,Emarat,Fuel Station,Vehicle fuel /?? Emarat,105.02,Mashreq_Main,business_registered_regular,BR,GST5,Tax Group,Yes
01-10-2025,Personal,Personal - Grocery & Household,Grand Hypermarket,Supermarket,Supermarket purchase /?? Grand Hypermarket,98.88,Mashreq_Main,business_registered_regular,BR,GST5,Tax Group,Yes
01-10-2025,Personal,Personal - Grocery & Household,Al Jubail Vegetables & Fruits,Grocery,Grocery purchase /?? Al Jubail Vegetables & Fruits,30,Mashreq_Main,business_registered_regular,BR,GST5,Tax Group,Yes
01-10-2025,Personal,Personal - Grocery & Household,Mohd Rashid Vegetables & Fruits,Grocery,Grocery purchase /?? Mohd Rashid Vegetables & Fruits,180,Mashreq_Main,business_registered_regular,BR,GST5,Tax Group,Yes
29-09-2025,Business,Printing & Stationery,A B Print House,Printing & Stationery,Printing & stationery /?? A B Print House,5,Mashreq_Main,business_registered_regular,BR,GST5,Tax Group,Yes
28-09-2025,Personal,Personal - Vehicle Fuel,ENOC/EPPCO,Fuel Station,Vehicle fuel /?? ENOC/EPPCO,105.99,Mashreq_Main,business_registered_regular,BR,GST5,Tax Group,Yes
26-09-2025,Personal,Personal - Grocery & Household,Al Bawadi Supermarket,Supermarket,Supermarket purchase /?? Al Bawadi Supermarket,22,Mashreq_Main,business_registered_regular,BR,GST5,Tax Group,Yes
26-09-2025,Personal,Personal - Grocery & Household,Nesto Hypermarket,Supermarket,Supermarket purchase /?? Nesto Hypermarket,30.99,Mashreq_Main,business_registered_regular,BR,GST5,Tax Group,Yes
26-09-2025,Personal,Personal - Vehicle Fuel,Emarat,Fuel Station,Vehicle fuel /?? Emarat,115.04,Mashreq_Main,business_registered_regular,BR,GST5,Tax Group,Yes
26-09-2025,Business,Vat Payment To Fta,Federal Tax Authority (FTA),Government / VAT,VAT payment /?? Federal Tax Authority (FTA),4599.79,Mashreq_Main,business_registered_regular,BR,GST5,Tax Group,Yes
25-09-2025,Personal,Personal - Grocery & Household,Nesto Hypermarket,Supermarket,Supermarket purchase /?? Nesto Hypermarket,182.37,Mashreq_Main,business_registered_regular,BR,GST5,Tax Group,Yes
25-09-2025,Personal,Personal - Grocery & Household,Nesto Hypermarket,Supermarket,Supermarket purchase /?? Nesto Hypermarket,1.24,Mashreq_Main,business_registered_regular,BR,GST5,Tax Group,Yes
25-09-2025,Personal,Personal - Grocery & Household,Nesto Hypermarket,Supermarket,Supermarket purchase /?? Nesto Hypermarket,60.96,Mashreq_Main,business_registered_regular,BR,GST5,Tax Group,Yes
25-09-2025,Personal,Personal - Grocery & Household,Nesto Hypermarket,Supermarket,Supermarket purchase /?? Nesto Hypermarket,61.58,Mashreq_Main,business_registered_regular,BR,GST5,Tax Group,Yes
25-09-2025,Personal,Personal - Grocery & Household,Nesto Hypermarket,Supermarket,Supermarket purchase /?? Nesto Hypermarket,67.93,Mashreq_Main,business_registered_regular,BR,GST5,Tax Group,Yes
24-09-2025,Personal,Personal - Grocery & Household,Al Bawadi Supermarket,Supermarket,Supermarket purchase /?? Al Bawadi Supermarket,7.75,Mashreq_Main,business_registered_regular,BR,GST5,Tax Group,Yes
23-09-2025,Business,Electricity - Business Premises,Dubai Smart Government,Government,Government payment /?? Dubai Smart Government,50,Mashreq_Main,business_registered_regular,BR,GST5,Tax Group,Yes
23-09-2025,Personal,Personal - Food & Dining,Deliveroo,Food Delivery,Food delivery /?? Deliveroo,80.37,Mashreq_Main,business_registered_regular,BR,GST5,Tax Group,Yes
23-09-2025,Personal,Personal - Vehicle Fuel,Emarat,Fuel Station,Vehicle fuel /?? Emarat,95,Mashreq_Main,business_registered_regular,BR,GST5,Tax Group,Yes
22-09-2025,Business,Electricity - Business Premises,Dubai Smart Government,Government,Government payment /?? Dubai Smart Government,50,Mashreq_Main,business_registered_regular,BR,GST5,Tax Group,Yes
22-09-2025,Personal,Personal - Amazon Shopping,Amazon,Online Marketplace,Online shopping /?? Amazon,51.25,Mashreq_Main,business_registered_regular,BR,GST5,Tax Group,Yes
22-09-2025,Personal,Personal - Grocery & Household,Al Bawadi Supermarket,Supermarket,Supermarket purchase /?? Al Bawadi Supermarket,9.75,Mashreq_Main,business_registered_regular,BR,GST5,Tax Group,Yes
22-09-2025,Personal,Personal - Vehicle Maintenance,Dar Alshabab Auto,Vehicle Maintenance,Vehicle maintenance/repair /?? Dar Alshabab Auto,120,Mashreq_Main,business_registered_regular,BR,GST5,Tax Group,Yes
21-09-2025,Personal,Personal - Subscriptions & Software,Amazon,Online Marketplace,Online shopping /?? Amazon,16,Mashreq_Main,business_registered_regular,BR,GST5,Tax Group,Yes
21-09-2025,Personal,Personal - Vehicle Fuel,ENOC/EPPCO,Fuel Station,Vehicle fuel /?? ENOC/EPPCO,108.61,Mashreq_Main,business_registered_regular,BR,GST5,Tax Group,Yes
20-09-2025,Personal,Personal - Food & Dining,Noon,Online Marketplace,Online shopping /?? Noon,43.41,Mashreq_Main,business_registered_regular,BR,GST5,Tax Group,Yes
20-09-2025,Personal,Personal - Grocery & Household,Every Day Fresh Hypermarket,Supermarket,Supermarket purchase /?? Every Day Fresh Hypermarket,21.21,Mashreq_Main,business_registered_regular,BR,GST5,Tax Group,Yes
20-09-2025,Personal,Personal - Grocery & Household,Anwar Flour Mill,Supermarket/Bakery Supply,Supermarket/bakery supplies /?? Anwar Flour Mill,63.75,Mashreq_Main,business_registered_regular,BR,GST5,Tax Group,Yes
20-09-2025,Personal,Personal - Grocery & Household,Anwar Flour Mill,Supermarket/Bakery Supply,Supermarket/bakery supplies /?? Anwar Flour Mill,412.5,Mashreq_Main,business_registered_regular,BR,GST5,Tax Group,Yes
20-09-2025,Business,Printing & Stationery,A B Print House,Printing & Stationery,Printing & stationery /?? A B Print House,6,Mashreq_Main,business_registered_regular,BR,GST5,Tax Group,Yes
19-09-2025,Personal,Personal - Vehicle Fuel,Emarat,Fuel Station,Vehicle fuel /?? Emarat,100,Mashreq_Main,business_registered_regular,BR,GST5,Tax Group,Yes
19-09-2025,Business,Printing & Stationery,A B Print House,Printing & Stationery,Printing & stationery /?? A B Print House,2,Mashreq_Main,business_registered_regular,BR,GST5,Tax Group,Yes
18-09-2025,Personal,Personal - Food & Dining,Trendyol,Retail - Online,Online retail purchase /?? Trendyol,220.92,Mashreq_Main,business_registered_regular,BR,GST5,Tax Group,Yes
18-09-2025,Personal,Personal - Grocery & Household,Nesto Hypermarket,Supermarket,Supermarket purchase /?? Nesto Hypermarket,216.25,Mashreq_Main,business_registered_regular,BR,GST5,Tax Group,Yes
18-09-2025,Business,Printing & Stationery,A B Print House,Printing & Stationery,Printing & stationery /?? A B Print House,2.5,Mashreq_Main,business_registered_regular,BR,GST5,Tax Group,Yes
17-09-2025,Personal,Personal - Amazon Shopping,Amazon,Online Marketplace,Online shopping /?? Amazon,47.57,Mashreq_Main,business_registered_regular,BR,GST5,Tax Group,Yes
17-09-2025,Personal,Personal - Vehicle Maintenance,Fine Tools Equipment & Trading,Tools & Equipment,Tools & equipment purchase /?? Fine Tools Equipment & Trading,399,Mashreq_Main,business_registered_regular,BR,GST5,Tax Group,Yes
16-09-2025,Business,Electricity - Business Premises,Dubai Smart Government,Government,Government payment /?? Dubai Smart Government,442.95,Mashreq_Main,business_registered_regular,BR,GST5,Tax Group,Yes
16-09-2025,Personal,Personal - Amazon Shopping,Amazon,Online Marketplace,Online shopping /?? Amazon,15.95,Mashreq_Main,business_registered_regular,BR,GST5,Tax Group,Yes
16-09-2025,Personal,Personal - Amazon Shopping,Amazon,Online Marketplace,Online shopping /?? Amazon,27,Mashreq_Main,business_registered_regular,BR,GST5,Tax Group,Yes
16-09-2025,Personal,Personal - Vehicle Fuel,Emarat,Fuel Station,Vehicle fuel /?? Emarat,90.97,Mashreq_Main,business_registered_regular,BR,GST5,Tax Group,Yes
15-09-2025,Personal,Personal - Amazon Shopping,Amazon,Online Marketplace,Online shopping /?? Amazon,3.14,Mashreq_Main,business_registered_regular,BR,GST5,Tax Group,Yes
13-09-2025,Personal,Personal - Miscellaneous,Tyre Shop (Al Qouz/Al Taqdeer/Rukn Al Sahil),Vehicle Maintenance,Vehicle maintenance/repair /?? Tyre Shop (Al Qouz/Al Taqdeer/Rukn Al Sahil),90,Mashreq_Main,business_registered_regular,BR,GST5,Tax Group,Yes
12-09-2025,Personal,Personal - Vehicle Fuel,ADNOC,Fuel Station,Vehicle fuel /?? ADNOC,105,Mashreq_Main,business_registered_regular,BR,GST5,Tax Group,Yes
11-09-2025,Personal,Personal - Amazon Shopping,Amazon,Online Marketplace,Online shopping /?? Amazon,68.95,Mashreq_Main,business_registered_regular,BR,GST5,Tax Group,Yes
11-09-2025,Personal,Personal - Miscellaneous,A B Print House,Printing & Stationery,Printing & stationery /?? A B Print House,8.01,Mashreq_Main,business_registered_regular,BR,GST5,Tax Group,Yes
11-09-2025,Personal,Personal - Subscriptions & Software,Amazon,Online Marketplace,Online shopping /?? Amazon,16,Mashreq_Main,business_registered_regular,BR,GST5,Tax Group,Yes
10-09-2025,Personal,Personal - Grocery & Household,Grand Hypermarket,Supermarket,Supermarket purchase /?? Grand Hypermarket,80.41,Mashreq_Main,business_registered_regular,BR,GST5,Tax Group,Yes
10-09-2025,Personal,Personal - Grocery & Household,Al Jubail Vegetables & Fruits,Grocery,Grocery purchase /?? Al Jubail Vegetables & Fruits,55,Mashreq_Main,business_registered_regular,BR,GST5,Tax Group,Yes
10-09-2025,Personal,Personal - Grocery & Household,Mohd Rashid Vegetables & Fruits,Grocery,Grocery purchase /?? Mohd Rashid Vegetables & Fruits,225,Mashreq_Main,business_registered_regular,BR,GST5,Tax Group,Yes
10-09-2025,Personal,Personal - Miscellaneous,Premium Quality Auto,Vehicle Maintenance,Vehicle maintenance/repair /?? Premium Quality Auto,78,Mashreq_Main,business_registered_regular,BR,GST5,Tax Group,Yes
10-09-2025,Personal,Personal - Vehicle Fuel,ADNOC,Fuel Station,Vehicle fuel /?? ADNOC,120.12,Mashreq_Main,business_registered_regular,BR,GST5,Tax Group,Yes
09-09-2025,Personal,Personal - Home Electricity,SEWA (Sharjah Electricity & Water Authority),Utility,Utility bill /?? SEWA (Sharjah Electricity & Water Authority),1891.71,Mashreq_Main,business_registered_regular,BR,GST5,Tax Group,Yes
08-09-2025,Personal,Personal - Miscellaneous,Payment Al Karama Centre (Bank Counter),Bank/Cash,Cash/bank transaction /?? Payment Al Karama Centre (Bank Counter),0,Mashreq_Main,business_registered_regular,BR,GST5,Tax Group,Yes
07-09-2025,Personal,Personal - Vehicle Fuel,ENOC/EPPCO,Fuel Station,Vehicle fuel /?? ENOC/EPPCO,125.88,Mashreq_Main,business_registered_regular,BR,GST5,Tax Group,Yes
05-09-2025,Personal,Personal - Amazon Shopping,Amazon,Online Marketplace,Online shopping /?? Amazon,117.7,Mashreq_Main,business_registered_regular,BR,GST5,Tax Group,Yes
05-09-2025,Personal,Personal - Vehicle Fuel,ENOC/EPPCO,Fuel Station,Vehicle fuel /?? ENOC/EPPCO,125.04,Mashreq_Main,business_registered_regular,BR,GST5,Tax Group,Yes
02-09-2025,Personal,Personal - Amazon Shopping,Amazon,Online Marketplace,Online shopping /?? Amazon,51.3,Mashreq_Main,business_registered_regular,BR,GST5,Tax Group,Yes
02-09-2025,Personal,Personal - Vehicle Fuel,ADNOC,Fuel Station,Vehicle fuel /?? ADNOC,119.1,Mashreq_Main,business_registered_regular,BR,GST5,Tax Group,Yes
01-09-2025,Business,Software Subscriptions - Business,Google,Software/Cloud,Software/cloud subscription /?? Google,42.07,Mashreq_Main,business_registered_regular,BR,GST5,Tax Group,Yes
31-08-2025,Personal,Personal - Amazon Shopping,Amazon,Online Marketplace,Online shopping /?? Amazon,202.11,Mashreq_Main,business_registered_regular,BR,GST5,Tax Group,Yes
30-08-2025,Personal,Personal - Vehicle Fuel,ENOC/EPPCO,Fuel Station,Vehicle fuel /?? ENOC/EPPCO,140.02,Mashreq_Main,business_registered_regular,BR,GST5,Tax Group,Yes
29-08-2025,Personal,Personal - Amazon Shopping,Amazon,Online Marketplace,Online shopping /?? Amazon,19.7,Mashreq_Main,business_registered_regular,BR,GST5,Tax Group,Yes
28-08-2025,Personal,Personal - Amazon Shopping,Amazon,Online Marketplace,Online shopping /?? Amazon,20,Mashreq_Main,business_registered_regular,BR,GST5,Tax Group,Yes
28-08-2025,Personal,Personal - Amazon Shopping,Amazon,Online Marketplace,Online shopping /?? Amazon,50.3,Mashreq_Main,business_registered_regular,BR,GST5,Tax Group,Yes
28-08-2025,Personal,Personal - Amazon Shopping,Amazon,Online Marketplace,Online shopping /?? Amazon,135.85,Mashreq_Main,business_registered_regular,BR,GST5,Tax Group,Yes
28-08-2025,Personal,Personal - Vehicle Maintenance,Al Kanary Car,Vehicle Maintenance,Vehicle maintenance/repair /?? Al Kanary Car,230,Mashreq_Main,business_registered_regular,BR,GST5,Tax Group,Yes
27-08-2025,Personal,Personal - Miscellaneous,Fine Tools Equipment & Trading,Tools & Equipment,Tools & equipment purchase /?? Fine Tools Equipment & Trading,110,Mashreq_Main,business_registered_regular,BR,GST5,Tax Group,Yes
27-08-2025,Personal,Personal - Shopping & Lifestyle,Al Taqdeer Smoking,Retail,Retail purchase /?? Al Taqdeer Smoking,70,Mashreq_Main,business_registered_regular,BR,GST5,Tax Group,Yes
27-08-2025,Personal,Personal - Vehicle Fuel,ENOC/EPPCO,Fuel Station,Vehicle fuel /?? ENOC/EPPCO,119.6,Mashreq_Main,business_registered_regular,BR,GST5,Tax Group,Yes
25-08-2025,Personal,Personal - Amazon Shopping,Amazon,Online Marketplace,Online shopping /?? Amazon,109.24,Mashreq_Main,business_registered_regular,BR,GST5,Tax Group,Yes
25-08-2025,Personal,Personal - Amazon Shopping,Amazon,Online Marketplace,Online shopping /?? Amazon,16.99,Mashreq_Main,business_registered_regular,BR,GST5,Tax Group,Yes
25-08-2025,Personal,Personal - Vehicle Fuel,ADNOC,Fuel Station,Vehicle fuel /?? ADNOC,135.04,Mashreq_Main,business_registered_regular,BR,GST5,Tax Group,Yes
24-08-2025,Personal,Personal - Amazon Shopping,Amazon,Online Marketplace,Online shopping /?? Amazon,20.7,Mashreq_Main,business_registered_regular,BR,GST5,Tax Group,Yes
22-08-2025,Personal,Personal - Amazon Shopping,Amazon,Online Marketplace,Online shopping /?? Amazon,58.4,Mashreq_Main,business_registered_regular,BR,GST5,Tax Group,Yes
22-08-2025,Personal,Personal - Vehicle Fuel,ADNOC,Fuel Station,Vehicle fuel /?? ADNOC,128.1,Mashreq_Main,business_registered_regular,BR,GST5,Tax Group,Yes
21-08-2025,Personal,Personal - Miscellaneous,ABC Supermarket,Supermarket,Supermarket purchase /?? ABC Supermarket,68.5,Mashreq_Main,business_registered_regular,BR,GST5,Tax Group,Yes
21-08-2025,Personal,Personal - Subscriptions & Software,Amazon,Online Marketplace,Online shopping /?? Amazon,16,Mashreq_Main,business_registered_regular,BR,GST5,Tax Group,Yes
20-08-2025,Personal,Personal - Vehicle Fuel,ENOC/EPPCO,Fuel Station,Vehicle fuel /?? ENOC/EPPCO,135.13,Mashreq_Main,business_registered_regular,BR,GST5,Tax Group,Yes
16-08-2025,Business,Electricity - Business Premises,Dubai Smart Government,Government,Government payment /?? Dubai Smart Government,442.95,Mashreq_Main,business_registered_regular,BR,GST5,Tax Group,Yes
16-08-2025,Personal,Personal - Miscellaneous,Alhameidi Department Store,Retail,Retail purchase /?? Alhameidi Department Store,61.5,Mashreq_Main,business_registered_regular,BR,GST5,Tax Group,Yes
16-08-2025,Personal,Personal - Vehicle Fuel,ENOC/EPPCO,Fuel Station,Vehicle fuel /?? ENOC/EPPCO,144.01,Mashreq_Main,business_registered_regular,BR,GST5,Tax Group,Yes
15-08-2025,Personal,Personal - Air Travel,MakeMyTrip,Travel Agency,Travel booking /?? MakeMyTrip,314,Mashreq_Main,business_registered_regular,BR,GST5,Tax Group,Yes
15-08-2025,Personal,Personal - Air Travel,MakeMyTrip,Travel Agency,Travel booking /?? MakeMyTrip,314,Mashreq_Main,business_registered_regular,BR,GST5,Tax Group,Yes
14-08-2025,Personal,Personal - Shopping & Lifestyle,Trendyol,Retail - Online,Online retail purchase /?? Trendyol,98.19,Mashreq_Main,business_registered_regular,BR,GST5,Tax Group,Yes
13-08-2025,Personal,Personal - Grocery & Household,Grand Hypermarket,Supermarket,Supermarket purchase /?? Grand Hypermarket,164.42,Mashreq_Main,business_registered_regular,BR,GST5,Tax Group,Yes
13-08-2025,Personal,Personal - Grocery & Household,Anwar Flour Mill,Supermarket/Bakery Supply,Supermarket/bakery supplies /?? Anwar Flour Mill,159.33,Mashreq_Main,business_registered_regular,BR,GST5,Tax Group,Yes
13-08-2025,Personal,Personal - Grocery & Household,Al Jubail Vegetables & Fruits,Grocery,Grocery purchase /?? Al Jubail Vegetables & Fruits,55,Mashreq_Main,business_registered_regular,BR,GST5,Tax Group,Yes
13-08-2025,Personal,Personal - Grocery & Household,Mohd Rashid Vegetables & Fruits,Grocery,Grocery purchase /?? Mohd Rashid Vegetables & Fruits,170,Mashreq_Main,business_registered_regular,BR,GST5,Tax Group,Yes
13-08-2025,Personal,Personal - Home Electricity,SEWA (Sharjah Electricity & Water Authority),Utility,Utility bill /?? SEWA (Sharjah Electricity & Water Authority),1344.59,Mashreq_Main,business_registered_regular,BR,GST5,Tax Group,Yes
13-08-2025,Personal,Personal - Shopping & Lifestyle,Temu,Retail - Online,Online retail purchase /?? Temu,93.67,Mashreq_Main,business_registered_regular,BR,GST5,Tax Group,Yes
13-08-2025,Personal,Personal - Shopping & Lifestyle,Temu,Retail - Online,Online retail purchase /?? Temu,8.54,Mashreq_Main,business_registered_regular,BR,GST5,Tax Group,Yes
12-08-2025,Personal,Personal - Vehicle Fuel,Emarat,Fuel Station,Vehicle fuel /?? Emarat,90,Mashreq_Main,business_registered_regular,BR,GST5,Tax Group,Yes
12-08-2025,Personal,Personal - Vehicle Maintenance,Murshd Auto Spare Parts,Vehicle Maintenance,Vehicle maintenance/repair /?? Murshd Auto Spare Parts,30,Mashreq_Main,business_registered_regular,BR,GST5,Tax Group,Yes
11-08-2025,Personal,Personal - Subscriptions & Software,Amazon,Online Marketplace,Online shopping /?? Amazon,16,Mashreq_Main,business_registered_regular,BR,GST5,Tax Group,Yes
10-08-2025,Personal,Personal - Miscellaneous,Payment Town Centre (Bank Counter),Bank/Cash,Cash/bank transaction /?? Payment Town Centre (Bank Counter),0,Mashreq_Main,business_registered_regular,BR,GST5,Tax Group,Yes
09-08-2025,Personal,Personal - Amazon Shopping,Amazon,Online Marketplace,Online shopping /?? Amazon,97.9,Mashreq_Main,business_registered_regular,BR,GST5,Tax Group,Yes
09-08-2025,Personal,Personal - Amazon Shopping,Amazon,Online Marketplace,Online shopping /?? Amazon,44.99,Mashreq_Main,business_registered_regular,BR,GST5,Tax Group,Yes
09-08-2025,Personal,Personal - Vehicle Fuel,ADNOC,Fuel Station,Vehicle fuel /?? ADNOC,99.59,Mashreq_Main,business_registered_regular,BR,GST5,Tax Group,Yes
08-08-2025,Personal,Personal - Air Travel,Air Arabia,Airline,Air travel booking /?? Air Arabia,7,Mashreq_Main,business_registered_regular,BR,GST5,Tax Group,Yes
08-08-2025,Personal,Personal - Food & Dining,McDonald's,Restaurant,Restaurant / dining /?? McDonald's,46.02,Mashreq_Main,business_registered_regular,BR,GST5,Tax Group,Yes
08-08-2025,Personal,Personal - Travel & Conveyance,Dufry (Duty Free),Retail,Retail purchase /?? Dufry (Duty Free),380.1,Mashreq_Main,business_registered_regular,BR,GST5,Tax Group,Yes
08-08-2025,Personal,Personal - Travel & Conveyance,Sharjah Taxi,Transport,Transport/taxi /?? Sharjah Taxi,59,Mashreq_Main,business_registered_regular,BR,GST5,Tax Group,Yes
07-08-2025,Personal,Personal - Amazon Shopping,Amazon,Online Marketplace,Online shopping /?? Amazon,300.65,Mashreq_Main,business_registered_regular,BR,GST5,Tax Group,Yes
07-08-2025,Personal,Personal - Food & Dining,Foreign POS (Georgia - GEL currency; narration garbled by terminal),Foreign Transaction,Foreign currency transaction /?? Foreign POS (Georgia - GEL currency; narration garbled by terminal),14.18,Mashreq_Main,business_registered_regular,BR,GST5,Tax Group,Yes
07-08-2025,Personal,Personal - Food & Dining,Foreign POS (Georgia - GEL currency; narration garbled by terminal),Foreign Transaction,Foreign currency transaction /?? Foreign POS (Georgia - GEL currency; narration garbled by terminal),23.07,Mashreq_Main,business_registered_regular,BR,GST5,Tax Group,Yes
07-08-2025,Personal,Personal - Food & Dining,Subway,Restaurant,Restaurant / dining /?? Subway,19.34,Mashreq_Main,business_registered_regular,BR,GST5,Tax Group,Yes
07-08-2025,Personal,Personal - Food & Dining,Foreign POS (Georgia - GEL currency; narration garbled by terminal),Foreign Transaction,Foreign currency transaction /?? Foreign POS (Georgia - GEL currency; narration garbled by terminal),414.14,Mashreq_Main,business_registered_regular,BR,GST5,Tax Group,Yes
07-08-2025,Personal,Personal - Travel & Conveyance,Foreign POS (Georgia - GEL currency; narration garbled by terminal),Foreign Transaction,Foreign currency transaction /?? Foreign POS (Georgia - GEL currency; narration garbled by terminal),128.35,Mashreq_Main,business_registered_regular,BR,GST5,Tax Group,Yes
07-08-2025,Business,Printing & Stationery,A B Print House,Printing & Stationery,Printing & stationery /?? A B Print House,5,Mashreq_Main,business_registered_regular,BR,GST5,Tax Group,Yes
06-08-2025,Personal,Personal - Food & Dining,Foreign POS (Georgia - GEL currency; narration garbled by terminal),Foreign Transaction,Foreign currency transaction /?? Foreign POS (Georgia - GEL currency; narration garbled by terminal),107.4,Mashreq_Main,business_registered_regular,BR,GST5,Tax Group,Yes
06-08-2025,Personal,Personal - Food & Dining,Foreign POS (Georgia - GEL currency; narration garbled by terminal),Foreign Transaction,Foreign currency transaction /?? Foreign POS (Georgia - GEL currency; narration garbled by terminal),373.75,Mashreq_Main,business_registered_regular,BR,GST5,Tax Group,Yes
06-08-2025,Personal,Personal - Food & Dining,Foreign POS (Georgia - GEL currency; narration garbled by terminal),Foreign Transaction,Foreign currency transaction /?? Foreign POS (Georgia - GEL currency; narration garbled by terminal),111.84,Mashreq_Main,business_registered_regular,BR,GST5,Tax Group,Yes
06-08-2025,Personal,Personal - Food & Dining,Foreign POS (Georgia - GEL currency; narration garbled by terminal),Foreign Transaction,Foreign currency transaction /?? Foreign POS (Georgia - GEL currency; narration garbled by terminal),257.76,Mashreq_Main,business_registered_regular,BR,GST5,Tax Group,Yes
06-08-2025,Personal,Personal - Travel & Conveyance,Foreign POS (Georgia - GEL currency; narration garbled by terminal),Foreign Transaction,Foreign currency transaction /?? Foreign POS (Georgia - GEL currency; narration garbled by terminal),273.37,Mashreq_Main,business_registered_regular,BR,GST5,Tax Group,Yes
06-08-2025,Business,Printing & Stationery,A B Print House,Printing & Stationery,Printing & stationery /?? A B Print House,4,Mashreq_Main,business_registered_regular,BR,GST5,Tax Group,Yes
05-08-2025,Personal,Personal - Travel & Conveyance,Foreign POS (Georgia - GEL currency; narration garbled by terminal),Foreign Transaction,Foreign currency transaction /?? Foreign POS (Georgia - GEL currency; narration garbled by terminal),21.46,Mashreq_Main,business_registered_regular,BR,GST5,Tax Group,Yes
05-08-2025,Personal,Personal - Vehicle Fuel,ENOC/EPPCO,Fuel Station,Vehicle fuel /?? ENOC/EPPCO,100.64,Mashreq_Main,business_registered_regular,BR,GST5,Tax Group,Yes
04-08-2025,Personal,Personal - Travel & Conveyance,Foreign POS (Georgia - GEL currency; narration garbled by terminal),Foreign Transaction,Foreign currency transaction /?? Foreign POS (Georgia - GEL currency; narration garbled by terminal),126.54,Mashreq_Main,business_registered_regular,BR,GST5,Tax Group,Yes
03-08-2025,Personal,Personal - Food & Dining,Foreign POS (Georgia - GEL currency; narration garbled by terminal),Foreign Transaction,Foreign currency transaction /?? Foreign POS (Georgia - GEL currency; narration garbled by terminal),47.47,Mashreq_Main,business_registered_regular,BR,GST5,Tax Group,Yes
03-08-2025,Personal,Personal - Food & Dining,Foreign POS (Georgia - GEL currency; narration garbled by terminal),Foreign Transaction,Foreign currency transaction /?? Foreign POS (Georgia - GEL currency; narration garbled by terminal),1135.01,Mashreq_Main,business_registered_regular,BR,GST5,Tax Group,Yes
03-08-2025,Personal,Personal - Travel & Conveyance,Foreign POS (Georgia - GEL currency; narration garbled by terminal),Foreign Transaction,Foreign currency transaction /?? Foreign POS (Georgia - GEL currency; narration garbled by terminal),24.3,Mashreq_Main,business_registered_regular,BR,GST5,Tax Group,Yes
03-08-2025,Personal,Personal - Travel & Conveyance,Foreign POS (Georgia - GEL currency; narration garbled by terminal),Foreign Transaction,Foreign currency transaction /?? Foreign POS (Georgia - GEL currency; narration garbled by terminal),163.67,Mashreq_Main,business_registered_regular,BR,GST5,Tax Group,Yes
03-08-2025,Personal,Personal - Vehicle Fuel,ENOC/EPPCO,Fuel Station,Vehicle fuel /?? ENOC/EPPCO,100.05,Mashreq_Main,business_registered_regular,BR,GST5,Tax Group,Yes
02-08-2025,Personal,Personal - Food & Dining,Foreign POS (Georgia - GEL currency; narration garbled by terminal),Foreign Transaction,Foreign currency transaction /?? Foreign POS (Georgia - GEL currency; narration garbled by terminal),140.12,Mashreq_Main,business_registered_regular,BR,GST5,Tax Group,Yes
02-08-2025,Personal,Personal - Travel & Conveyance,Foreign POS (Georgia - GEL currency; narration garbled by terminal),Foreign Transaction,Foreign currency transaction /?? Foreign POS (Georgia - GEL currency; narration garbled by terminal),53.81,Mashreq_Main,business_registered_regular,BR,GST5,Tax Group,Yes
02-08-2025,Personal,Personal - Vehicle Fuel,Emarat,Fuel Station,Vehicle fuel /?? Emarat,100,Mashreq_Main,business_registered_regular,BR,GST5,Tax Group,Yes
01-08-2025,Business,Software Subscriptions - Business,Google,Software/Cloud,Software/cloud subscription /?? Google,68.56,Mashreq_Main,business_registered_regular,BR,GST5,Tax Group,Yes
31-07-2025,Personal,Personal - Vehicle Fuel,Emarat,Fuel Station,Vehicle fuel /?? Emarat,96,Mashreq_Main,business_registered_regular,BR,GST5,Tax Group,Yes
30-07-2025,Business,Mobile & Telecom - Business,Virgin Mobile UAE,Telecom,Telecom / mobile bill /?? Virgin Mobile UAE,20,Mashreq_Main,business_registered_regular,BR,GST5,Tax Group,Yes
30-07-2025,Business,Mobile & Telecom - Business,Digital,Uncategorised - review,"Digital /?? uncategorised, please review",2,Mashreq_Main,business_registered_regular,BR,GST5,Tax Group,Yes
30-07-2025,Personal,Personal - Shopping & Lifestyle,Sout Al Maqas Hair Salon,Salon/Beauty,Salon/beauty service /?? Sout Al Maqas Hair Salon,10,Mashreq_Main,business_registered_regular,BR,GST5,Tax Group,Yes
30-07-2025,Personal,Personal - Vehicle Fuel,ADNOC,Fuel Station,Vehicle fuel /?? ADNOC,250.01,Mashreq_Main,business_registered_regular,BR,GST5,Tax Group,Yes
28-07-2025,Personal,Personal - Amazon Shopping,Amazon,Online Marketplace,Online shopping /?? Amazon,96.95,Mashreq_Main,business_registered_regular,BR,GST5,Tax Group,Yes
28-07-2025,Personal,Personal - Vehicle Fuel,ENOC/EPPCO,Fuel Station,Vehicle fuel /?? ENOC/EPPCO,90.02,Mashreq_Main,business_registered_regular,BR,GST5,Tax Group,Yes
28-07-2025,Business,Vehicle Registration & Insurance,Sukoon Insurance,Insurance,Insurance payment /?? Sukoon Insurance,788,Mashreq_Main,business_registered_regular,BR,GST5,Tax Group,Yes
25-07-2025,Personal,Personal - Vehicle Fuel,Emarat,Fuel Station,Vehicle fuel /?? Emarat,110.04,Mashreq_Main,business_registered_regular,BR,GST5,Tax Group,Yes
25-07-2025,Business,Vehicle Fines - Business,Haira Facilities Management,Maintenance/Repairs,Maintenance/repairs /?? Haira Facilities Management,450,Mashreq_Main,business_registered_regular,BR,GST5,Tax Group,Yes
24-07-2025,Personal,Personal - Amazon Shopping,Amazon,Online Marketplace,Online shopping /?? Amazon,202.07,Mashreq_Main,business_registered_regular,BR,GST5,Tax Group,Yes
23-07-2025,Personal,Personal - Miscellaneous,PB Orient Insurance,Insurance,Insurance payment /?? PB Orient Insurance,479.76,Mashreq_Main,business_registered_regular,BR,GST5,Tax Group,Yes
23-07-2025,Personal,Personal - Miscellaneous,PB Orient Insurance,Insurance,Insurance payment /?? PB Orient Insurance,629.56,Mashreq_Main,business_registered_regular,BR,GST5,Tax Group,Yes
23-07-2025,Personal,Personal - Shopping & Lifestyle,Noon,Online Marketplace,Online shopping /?? Noon,98.5,Mashreq_Main,business_registered_regular,BR,GST5,Tax Group,Yes
23-07-2025,Personal,Personal - Vehicle Fuel,Emarat,Fuel Station,Vehicle fuel /?? Emarat,97.02,Mashreq_Main,business_registered_regular,BR,GST5,Tax Group,Yes
22-07-2025,Personal,Personal - Amazon Shopping,Amazon,Online Marketplace,Online shopping /?? Amazon,203.99,Mashreq_Main,business_registered_regular,BR,GST5,Tax Group,Yes
22-07-2025,Business,Software Subscriptions - Business,Microsoft,Software/Cloud,Software/cloud subscription /?? Microsoft,76.41,Mashreq_Main,business_registered_regular,BR,GST5,Tax Group,Yes
21-07-2025,Personal,Personal - Grocery & Household,Nesto Hypermarket,Supermarket,Supermarket purchase /?? Nesto Hypermarket,155.62,Mashreq_Main,business_registered_regular,BR,GST5,Tax Group,Yes
21-07-2025,Personal,Personal - Grocery & Household,Nesto Hypermarket,Supermarket,Supermarket purchase /?? Nesto Hypermarket,8,Mashreq_Main,business_registered_regular,BR,GST5,Tax Group,Yes
21-07-2025,Personal,Personal - Subscriptions & Software,Amazon,Online Marketplace,Online shopping /?? Amazon,16,Mashreq_Main,business_registered_regular,BR,GST5,Tax Group,Yes
20-07-2025,Business,Mobile & Telecom - Business,Digital,Uncategorised - review,"Digital /?? uncategorised, please review",2,Mashreq_Main,business_registered_regular,BR,GST5,Tax Group,Yes
20-07-2025,Personal,Personal - Amazon Shopping,Amazon,Online Marketplace,Online shopping /?? Amazon,99.99,Mashreq_Main,business_registered_regular,BR,GST5,Tax Group,Yes
20-07-2025,Personal,Personal - Food & Dining,Puranmal Restaurant & Sweets,Restaurant,Restaurant / dining /?? Puranmal Restaurant & Sweets,42,Mashreq_Main,business_registered_regular,BR,GST5,Tax Group,Yes
20-07-2025,Personal,Personal - Grocery & Household,Anwar Al Hidayah Foodstuff,Supermarket,Supermarket purchase /?? Anwar Al Hidayah Foodstuff,58.66,Mashreq_Main,business_registered_regular,BR,GST5,Tax Group,Yes
20-07-2025,Personal,Personal - Shopping & Lifestyle,Zahrit Al Yasmeen (Florist),Retail - Florist,Florist purchase /?? Zahrit Al Yasmeen (Florist),25,Mashreq_Main,business_registered_regular,BR,GST5,Tax Group,Yes
20-07-2025,Personal,Personal - Vehicle Fuel,ENOC/EPPCO,Fuel Station,Vehicle fuel /?? ENOC/EPPCO,94.76,Mashreq_Main,business_registered_regular,BR,GST5,Tax Group,Yes
19-07-2025,Business,It Hardware & Accessories,ETC Device,Electronics,Electronics purchase /?? ETC Device,30,Mashreq_Main,business_registered_regular,BR,GST5,Tax Group,Yes
19-07-2025,Personal,Personal - Amazon Shopping,Amazon,Online Marketplace,Online shopping /?? Amazon,29.2,Mashreq_Main,business_registered_regular,BR,GST5,Tax Group,Yes
19-07-2025,Personal,Personal - Amazon Shopping,Amazon,Online Marketplace,Online shopping /?? Amazon,99.6,Mashreq_Main,business_registered_regular,BR,GST5,Tax Group,Yes
17-07-2025,Business,Electricity - Business Premises,Dubai Smart Government,Government,Government payment /?? Dubai Smart Government,442.95,Mashreq_Main,business_registered_regular,BR,GST5,Tax Group,Yes
17-07-2025,Personal,Personal - Amazon Shopping,Amazon,Online Marketplace,Online shopping /?? Amazon,59.2,Mashreq_Main,business_registered_regular,BR,GST5,Tax Group,Yes
17-07-2025,Personal,Personal - Medical & Pharmacy,Emitac Healthcare,Medical,Medical expense /?? Emitac Healthcare,710,Mashreq_Main,business_registered_regular,BR,GST5,Tax Group,Yes
17-07-2025,Personal,Personal - Vehicle Fuel,Emarat,Fuel Station,Vehicle fuel /?? Emarat,100,Mashreq_Main,business_registered_regular,BR,GST5,Tax Group,Yes
16-07-2025,Personal,Personal - Air Travel,Air Arabia,Airline,Air travel booking /?? Air Arabia,2812.83,Mashreq_Main,business_registered_regular,BR,GST5,Tax Group,Yes
16-07-2025,Personal,Personal - Shopping & Lifestyle,Noon,Online Marketplace,Online shopping /?? Noon,33.4,Mashreq_Main,business_registered_regular,BR,GST5,Tax Group,Yes
15-07-2025,Personal,Personal - Grocery & Household,Grand Hypermarket,Supermarket,Supermarket purchase /?? Grand Hypermarket,198.43,Mashreq_Main,business_registered_regular,BR,GST5,Tax Group,Yes
15-07-2025,Personal,Personal - Grocery & Household,Mohd Rashid Vegetables & Fruits,Grocery,Grocery purchase /?? Mohd Rashid Vegetables & Fruits,220,Mashreq_Main,business_registered_regular,BR,GST5,Tax Group,Yes
15-07-2025,Personal,Personal - Vehicle Fuel,ENOC/EPPCO,Fuel Station,Vehicle fuel /?? ENOC/EPPCO,105.06,Mashreq_Main,business_registered_regular,BR,GST5,Tax Group,Yes
13-07-2025,Business,Electricity - Business Premises,Dubai Smart Government,Government,Government payment /?? Dubai Smart Government,50,Mashreq_Main,business_registered_regular,BR,GST5,Tax Group,Yes
13-07-2025,Business,Electricity - Business Premises,Dubai Smart Government,Government,Government payment /?? Dubai Smart Government,50,Mashreq_Main,business_registered_regular,BR,GST5,Tax Group,Yes
12-07-2025,Personal,Personal - Shopping & Lifestyle,Abeer Al Joory Cosmetics,Retail - Cosmetics,Cosmetics purchase /?? Abeer Al Joory Cosmetics,166,Mashreq_Main,business_registered_regular,BR,GST5,Tax Group,Yes
12-07-2025,Personal,Personal - Vehicle Fuel,ENOC/EPPCO,Fuel Station,Vehicle fuel /?? ENOC/EPPCO,114.22,Mashreq_Main,business_registered_regular,BR,GST5,Tax Group,Yes
12-07-2025,Personal,Personal - Vehicle Fuel,ENOC/EPPCO,Fuel Station,Vehicle fuel /?? ENOC/EPPCO,1.96,Mashreq_Main,business_registered_regular,BR,GST5,Tax Group,Yes
11-07-2025,Personal,Personal - Grocery & Household,ABC Supermarket,Supermarket,Supermarket purchase /?? ABC Supermarket,182.5,Mashreq_Main,business_registered_regular,BR,GST5,Tax Group,Yes
11-07-2025,Personal,Personal - Subscriptions & Software,Amazon,Online Marketplace,Online shopping /?? Amazon,16,Mashreq_Main,business_registered_regular,BR,GST5,Tax Group,Yes
11-07-2025,Business,Printing & Stationery,A B Print House,Printing & Stationery,Printing & stationery /?? A B Print House,3,Mashreq_Main,business_registered_regular,BR,GST5,Tax Group,Yes
10-07-2025,Personal,Personal - Miscellaneous,Payment Town Centre (Bank Counter),Bank/Cash,Cash/bank transaction /?? Payment Town Centre (Bank Counter),0,Mashreq_Main,business_registered_regular,BR,GST5,Tax Group,Yes
10-07-2025,Personal,Personal - Vehicle Fuel,ENOC/EPPCO,Fuel Station,Vehicle fuel /?? ENOC/EPPCO,101.03,Mashreq_Main,business_registered_regular,BR,GST5,Tax Group,Yes
08-07-2025,Personal,Personal - Amazon Shopping,Amazon,Online Marketplace,Online shopping /?? Amazon,348.7,Mashreq_Main,business_registered_regular,BR,GST5,Tax Group,Yes
08-07-2025,Personal,Personal - Grocery & Household,Nesto Hypermarket,Supermarket,Supermarket purchase /?? Nesto Hypermarket,123.4,Mashreq_Main,business_registered_regular,BR,GST5,Tax Group,Yes
08-07-2025,Business,Printing & Stationery,A B Print House,Printing & Stationery,Printing & stationery /?? A B Print House,9.5,Mashreq_Main,business_registered_regular,BR,GST5,Tax Group,Yes
07-07-2025,Personal,Personal - Amazon Shopping,Amazon,Online Marketplace,Online shopping /?? Amazon,47.15,Mashreq_Main,business_registered_regular,BR,GST5,Tax Group,Yes
07-07-2025,Personal,Personal - Amazon Shopping,Amazon,Online Marketplace,Online shopping /?? Amazon,69,Mashreq_Main,business_registered_regular,BR,GST5,Tax Group,Yes
07-07-2025,Personal,Personal - Amazon Shopping,Amazon,Online Marketplace,Online shopping /?? Amazon,32.51,Mashreq_Main,business_registered_regular,BR,GST5,Tax Group,Yes
07-07-2025,Personal,Personal - Shopping & Lifestyle,Gifts Village,Retail,Retail purchase /?? Gifts Village,79.98,Mashreq_Main,business_registered_regular,BR,GST5,Tax Group,Yes
07-07-2025,Personal,Personal - Vehicle Fuel,ENOC/EPPCO,Fuel Station,Vehicle fuel /?? ENOC/EPPCO,105.03,Mashreq_Main,business_registered_regular,BR,GST5,Tax Group,Yes
07-07-2025,Personal,Personal - Vehicle Maintenance,Dar Alshabab Auto,Vehicle Maintenance,Vehicle maintenance/repair /?? Dar Alshabab Auto,150,Mashreq_Main,business_registered_regular,BR,GST5,Tax Group,Yes
06-07-2025,Personal,Personal - Food & Dining,Bikanervala,Restaurant,Restaurant / dining /?? Bikanervala,104,Mashreq_Main,business_registered_regular,BR,GST5,Tax Group,Yes
06-07-2025,Personal,Personal - Food & Dining,Bikanervala,Restaurant,Restaurant / dining /?? Bikanervala,11,Mashreq_Main,business_registered_regular,BR,GST5,Tax Group,Yes
05-07-2025,Personal,Personal - Vehicle Fuel,ENOC/EPPCO,Fuel Station,Vehicle fuel /?? ENOC/EPPCO,103.05,Mashreq_Main,business_registered_regular,BR,GST5,Tax Group,Yes
05-07-2025,Business,Printing & Stationery,A B Print House,Printing & Stationery,Printing & stationery /?? A B Print House,5.85,Mashreq_Main,business_registered_regular,BR,GST5,Tax Group,Yes
04-07-2025,Personal,Personal - Amazon Shopping,Amazon,Online Marketplace,Online shopping /?? Amazon,107.34,Mashreq_Main,business_registered_regular,BR,GST5,Tax Group,Yes
03-07-2025,Personal,Personal - Grocery & Household,Nesto Hypermarket,Supermarket,Supermarket purchase /?? Nesto Hypermarket,57,Mashreq_Main,business_registered_regular,BR,GST5,Tax Group,Yes
03-07-2025,Personal,Personal - Grocery & Household,Nesto Hypermarket,Supermarket,Supermarket purchase /?? Nesto Hypermarket,176.66,Mashreq_Main,business_registered_regular,BR,GST5,Tax Group,Yes
03-07-2025,Personal,Personal - Vehicle Maintenance,The Master Auto,Vehicle Maintenance,Vehicle maintenance/repair /?? The Master Auto,420,Mashreq_Main,business_registered_regular,BR,GST5,Tax Group,Yes
02-07-2025,Personal,Personal - Amazon Shopping,Amazon,Online Marketplace,Online shopping /?? Amazon,113.53,Mashreq_Main,business_registered_regular,BR,GST5,Tax Group,Yes
02-07-2025,Personal,Personal - Amazon Shopping,Amazon,Online Marketplace,Online shopping /?? Amazon,140.5,Mashreq_Main,business_registered_regular,BR,GST5,Tax Group,Yes
02-07-2025,Personal,Personal - Amazon Shopping,Amazon,Online Marketplace,Online shopping /?? Amazon,204.24,Mashreq_Main,business_registered_regular,BR,GST5,Tax Group,Yes
02-07-2025,Personal,Personal - Amazon Shopping,Amazon,Online Marketplace,Online shopping /?? Amazon,38.37,Mashreq_Main,business_registered_regular,BR,GST5,Tax Group,Yes
02-07-2025,Personal,Personal - Grocery & Household,Carrefour,Supermarket,Supermarket purchase /?? Carrefour,199.99,Mashreq_Main,business_registered_regular,BR,GST5,Tax Group,Yes
02-07-2025,Personal,Personal - Travel & Conveyance,National Taxi,Transport,Transport/taxi /?? National Taxi,13.5,Mashreq_Main,business_registered_regular,BR,GST5,Tax Group,Yes
02-07-2025,Personal,Personal - Travel & Conveyance,Dubai Taxi,Transport,Transport/taxi /?? Dubai Taxi,12,Mashreq_Main,business_registered_regular,BR,GST5,Tax Group,Yes
02-07-2025,Personal,Personal - Vehicle Fuel,Emarat,Fuel Station,Vehicle fuel /?? Emarat,110,Mashreq_Main,business_registered_regular,BR,GST5,Tax Group,Yes
01-07-2025,Personal,Personal - Food & Dining,VOX Cinemas,Leisure,Leisure/entertainment /?? VOX Cinemas,14,Mashreq_Main,business_registered_regular,BR,GST5,Tax Group,Yes
01-07-2025,Personal,Personal - Home Electricity,SEWA (Sharjah Electricity & Water Authority),Utility,Utility bill /?? SEWA (Sharjah Electricity & Water Authority),1145.13,Mashreq_Main,business_registered_regular,BR,GST5,Tax Group,Yes
01-07-2025,Business,Software Subscriptions - Business,Google,Software/Cloud,Software/cloud subscription /?? Google,56.28,Mashreq_Main,business_registered_regular,BR,GST5,Tax Group,Yes
29-06-2025,Personal,Personal - Vehicle Fuel,ENOC/EPPCO,Fuel Station,Vehicle fuel /?? ENOC/EPPCO,102.04,Mashreq_Main,business_registered_regular,BR,GST5,Tax Group,Yes
28-06-2025,Personal,Personal - Amazon Shopping,Amazon,Online Marketplace,Online shopping /?? Amazon,52.3,Mashreq_Main,business_registered_regular,BR,GST5,Tax Group,Yes
28-06-2025,Personal,Personal - Food & Dining,Noon,Online Marketplace,Online shopping /?? Noon,107.9,Mashreq_Main,business_registered_regular,BR,GST5,Tax Group,Yes
27-06-2025,Personal,Personal - Amazon Shopping,Amazon,Online Marketplace,Online shopping /?? Amazon,122.55,Mashreq_Main,business_registered_regular,BR,GST5,Tax Group,Yes
27-06-2025,Personal,Personal - Amazon Shopping,Amazon,Online Marketplace,Online shopping /?? Amazon,15.52,Mashreq_Main,business_registered_regular,BR,GST5,Tax Group,Yes
27-06-2025,Personal,Personal - Amazon Shopping,Amazon,Online Marketplace,Online shopping /?? Amazon,206.84,Mashreq_Main,business_registered_regular,BR,GST5,Tax Group,Yes
27-06-2025,Personal,Personal - Amazon Shopping,Amazon,Online Marketplace,Online shopping /?? Amazon,248,Mashreq_Main,business_registered_regular,BR,GST5,Tax Group,Yes
27-06-2025,Personal,Personal - Amazon Shopping,Amazon,Online Marketplace,Online shopping /?? Amazon,4.75,Mashreq_Main,business_registered_regular,BR,GST5,Tax Group,Yes
27-06-2025,Personal,Personal - Amazon Shopping,Amazon,Online Marketplace,Online shopping /?? Amazon,61,Mashreq_Main,business_registered_regular,BR,GST5,Tax Group,Yes
27-06-2025,Personal,Personal - Amazon Shopping,Amazon,Online Marketplace,Online shopping /?? Amazon,52.8,Mashreq_Main,business_registered_regular,BR,GST5,Tax Group,Yes
27-06-2025,Personal,Personal - Amazon Shopping,Amazon,Online Marketplace,Online shopping /?? Amazon,30,Mashreq_Main,business_registered_regular,BR,GST5,Tax Group,Yes
27-06-2025,Personal,Personal - Grocery & Household,Every Day Fresh Hypermarket,Supermarket,Supermarket purchase /?? Every Day Fresh Hypermarket,39.9,Mashreq_Main,business_registered_regular,BR,GST5,Tax Group,Yes
26-06-2025,Personal,Personal - Amazon Shopping,Amazon,Online Marketplace,Online shopping /?? Amazon,58.8,Mashreq_Main,business_registered_regular,BR,GST5,Tax Group,Yes
25-06-2025,Personal,Personal - Amazon Shopping,Amazon,Online Marketplace,Online shopping /?? Amazon,19.75,Mashreq_Main,business_registered_regular,BR,GST5,Tax Group,Yes
25-06-2025,Personal,Personal - Amazon Shopping,Amazon,Online Marketplace,Online shopping /?? Amazon,55.5,Mashreq_Main,business_registered_regular,BR,GST5,Tax Group,Yes
25-06-2025,Personal,Personal - Grocery & Household,Mohd Rashid Vegetables & Fruits,Grocery,Grocery purchase /?? Mohd Rashid Vegetables & Fruits,24,Mashreq_Main,business_registered_regular,BR,GST5,Tax Group,Yes
25-06-2025,Personal,Personal - Vehicle Fuel,ENOC/EPPCO,Fuel Station,Vehicle fuel /?? ENOC/EPPCO,105,Mashreq_Main,business_registered_regular,BR,GST5,Tax Group,Yes
25-06-2025,Business,Vat Payment To Fta,Federal Tax Authority (FTA),Government / VAT,VAT payment /?? Federal Tax Authority (FTA),6336.67,Mashreq_Main,business_registered_regular,BR,GST5,Tax Group,Yes
24-06-2025,Personal,Personal - Amazon Shopping,Amazon,Online Marketplace,Online shopping /?? Amazon,81.8,Mashreq_Main,business_registered_regular,BR,GST5,Tax Group,Yes
23-06-2025,Personal,Personal - Amazon Shopping,Amazon,Online Marketplace,Online shopping /?? Amazon,101.05,Mashreq_Main,business_registered_regular,BR,GST5,Tax Group,Yes
22-06-2025,Personal,Personal - Medical & Pharmacy,Thumbay Labs,Medical,Medical expense /?? Thumbay Labs,299,Mashreq_Main,business_registered_regular,BR,GST5,Tax Group,Yes
22-06-2025,Personal,Personal - Vehicle Fuel,ENOC/EPPCO,Fuel Station,Vehicle fuel /?? ENOC/EPPCO,90.01,Mashreq_Main,business_registered_regular,BR,GST5,Tax Group,Yes
21-06-2025,Business,Mobile & Telecom - Business,Virgin Mobile UAE,Telecom,Telecom / mobile bill /?? Virgin Mobile UAE,36.75,Mashreq_Main,business_registered_regular,BR,GST5,Tax Group,Yes
21-06-2025,Personal,Personal - Grocery & Household,Al Jubail Vegetables & Fruits,Grocery,Grocery purchase /?? Al Jubail Vegetables & Fruits,60,Mashreq_Main,business_registered_regular,BR,GST5,Tax Group,Yes
21-06-2025,Personal,Personal - Grocery & Household,Nesto Hypermarket,Supermarket,Supermarket purchase /?? Nesto Hypermarket,65.33,Mashreq_Main,business_registered_regular,BR,GST5,Tax Group,Yes
21-06-2025,Personal,Personal - Grocery & Household,Mohd Rashid Vegetables & Fruits,Grocery,Grocery purchase /?? Mohd Rashid Vegetables & Fruits,150,Mashreq_Main,business_registered_regular,BR,GST5,Tax Group,Yes
21-06-2025,Personal,Personal - Subscriptions & Software,Amazon,Online Marketplace,Online shopping /?? Amazon,16,Mashreq_Main,business_registered_regular,BR,GST5,Tax Group,Yes
21-06-2025,Business,Software Subscriptions - Business,Zoho Corp,Software/Cloud,Software/cloud subscription /?? Zoho Corp,45.99,Mashreq_Main,business_registered_regular,BR,GST5,Tax Group,Yes
19-06-2025,Personal,Personal - Vehicle Fuel,ADNOC,Fuel Station,Vehicle fuel /?? ADNOC,100.04,Mashreq_Main,business_registered_regular,BR,GST5,Tax Group,Yes
18-06-2025,Personal,Personal - Amazon Shopping,Amazon,Online Marketplace,Online shopping /?? Amazon,229,Mashreq_Main,business_registered_regular,BR,GST5,Tax Group,Yes
18-06-2025,Personal,Personal - Amazon Shopping,Amazon,Online Marketplace,Online shopping /?? Amazon,18.05,Mashreq_Main,business_registered_regular,BR,GST5,Tax Group,Yes
17-06-2025,Personal,Personal - Amazon Shopping,Amazon,Online Marketplace,Online shopping /?? Amazon,210.1,Mashreq_Main,business_registered_regular,BR,GST5,Tax Group,Yes
17-06-2025,Personal,Personal - Miscellaneous,ENOC/EPPCO,Fuel Station,Vehicle fuel /?? ENOC/EPPCO,105.07,Mashreq_Main,business_registered_regular,BR,GST5,Tax Group,Yes
16-06-2025,Business,Electricity - Business Premises,Dubai Smart Government,Government,Government payment /?? Dubai Smart Government,446.42,Mashreq_Main,business_registered_regular,BR,GST5,Tax Group,Yes
16-06-2025,Business,Mobile & Telecom - Business,Digital,Uncategorised - review,"Digital /?? uncategorised, please review",713.68,Mashreq_Main,business_registered_regular,BR,GST5,Tax Group,Yes
16-06-2025,Personal,Personal - Amazon Shopping,Amazon,Online Marketplace,Online shopping /?? Amazon,88,Mashreq_Main,business_registered_regular,BR,GST5,Tax Group,Yes
16-06-2025,Personal,Personal - Amazon Shopping,Amazon,Online Marketplace,Online shopping /?? Amazon,138.81,Mashreq_Main,business_registered_regular,BR,GST5,Tax Group,Yes
16-06-2025,Personal,Personal - Amazon Shopping,Amazon,Online Marketplace,Online shopping /?? Amazon,59.9,Mashreq_Main,business_registered_regular,BR,GST5,Tax Group,Yes
16-06-2025,Personal,Personal - Amazon Shopping,Amazon,Online Marketplace,Online shopping /?? Amazon,25.6,Mashreq_Main,business_registered_regular,BR,GST5,Tax Group,Yes
16-06-2025,Personal,Personal - Drinking Water,Al Huda Drinking Water,Utility,Utility bill /?? Al Huda Drinking Water,400,Mashreq_Main,business_registered_regular,BR,GST5,Tax Group,Yes
16-06-2025,Personal,Personal - Grocery & Household,Al Bawadi Supermarket,Supermarket,Supermarket purchase /?? Al Bawadi Supermarket,16.75,Mashreq_Main,business_registered_regular,BR,GST5,Tax Group,Yes
15-06-2025,Personal,Personal - Amazon Shopping,Amazon,Online Marketplace,Online shopping /?? Amazon,177.95,Mashreq_Main,business_registered_regular,BR,GST5,Tax Group,Yes
15-06-2025,Personal,Personal - Food & Dining,Silver Diamond Cafe,Restaurant,Restaurant / dining /?? Silver Diamond Cafe,19.5,Mashreq_Main,business_registered_regular,BR,GST5,Tax Group,Yes
15-06-2025,Personal,Personal - Grocery & Household,ABC Supermarket,Supermarket,Supermarket purchase /?? ABC Supermarket,60.48,Mashreq_Main,business_registered_regular,BR,GST5,Tax Group,Yes
14-06-2025,Personal,Personal - Amazon Shopping,Amazon,Online Marketplace,Online shopping /?? Amazon,29,Mashreq_Main,business_registered_regular,BR,GST5,Tax Group,Yes
14-06-2025,Personal,Personal - Grocery & Household,Nesto Hypermarket,Supermarket,Supermarket purchase /?? Nesto Hypermarket,441.85,Mashreq_Main,business_registered_regular,BR,GST5,Tax Group,Yes
13-06-2025,Personal,Personal - Vehicle Fuel,ENOC/EPPCO,Fuel Station,Vehicle fuel /?? ENOC/EPPCO,94.68,Mashreq_Main,business_registered_regular,BR,GST5,Tax Group,Yes
13-06-2025,Business,Printing & Stationery,A B Print House,Printing & Stationery,Printing & stationery /?? A B Print House,5,Mashreq_Main,business_registered_regular,BR,GST5,Tax Group,Yes
14-05-2025,Personal,Personal - Miscellaneous,Card Fee/EMI/VAT Adjustment,Card Adjustment,Card adjustment/refund /?? Card Fee/EMI/VAT Adjustment,2225.4,Mashreq_Main,business_registered_regular,BR,GST5,Tax Group,Yes
14-05-2025,Personal,Personal - Miscellaneous,Card Fee/EMI/VAT Adjustment,Card Adjustment,Card adjustment/refund /?? Card Fee/EMI/VAT Adjustment,2173.34,Mashreq_Main,business_registered_regular,BR,GST5,Tax Group,Yes
12-05-2025,Personal,Personal - Miscellaneous,Payment Town Centre (Bank Counter),Bank/Cash,Cash/bank transaction /?? Payment Town Centre (Bank Counter),0,Mashreq_Main,business_registered_regular,BR,GST5,Tax Group,Yes
12-05-2025,Personal,Personal - Vehicle Maintenance,Fine Tools Equipment & Trading,Tools & Equipment,Tools & equipment purchase /?? Fine Tools Equipment & Trading,170,Mashreq_Main,business_registered_regular,BR,GST5,Tax Group,Yes
11-05-2025,Personal,Personal - Amazon Shopping,Amazon,Online Marketplace,Online shopping /?? Amazon,15.97,Mashreq_Main,business_registered_regular,BR,GST5,Tax Group,Yes
11-05-2025,Personal,Personal - Amazon Shopping,Amazon,Online Marketplace,Online shopping /?? Amazon,8.53,Mashreq_Main,business_registered_regular,BR,GST5,Tax Group,Yes
11-05-2025,Personal,Personal - Amazon Shopping,Amazon,Online Marketplace,Online shopping /?? Amazon,73.8,Mashreq_Main,business_registered_regular,BR,GST5,Tax Group,Yes
11-05-2025,Personal,Personal - Food & Dining,Noon,Online Marketplace,Online shopping /?? Noon,34.7,Mashreq_Main,business_registered_regular,BR,GST5,Tax Group,Yes
11-05-2025,Personal,Personal - Grocery & Household,Arab Al Madina Supermarket,Supermarket,Supermarket purchase /?? Arab Al Madina Supermarket,60,Mashreq_Main,business_registered_regular,BR,GST5,Tax Group,Yes
11-05-2025,Personal,Personal - Subscriptions & Software,Amazon,Online Marketplace,Online shopping /?? Amazon,16,Mashreq_Main,business_registered_regular,BR,GST5,Tax Group,Yes
10-05-2025,Personal,Personal - Vehicle Fuel,ENOC/EPPCO,Fuel Station,Vehicle fuel /?? ENOC/EPPCO,101,Mashreq_Main,business_registered_regular,BR,GST5,Tax Group,Yes
09-05-2025,Personal,Personal - Amazon Shopping,Amazon,Online Marketplace,Online shopping /?? Amazon,27.27,Mashreq_Main,business_registered_regular,BR,GST5,Tax Group,Yes
09-05-2025,Personal,Personal - Amazon Shopping,Amazon,Online Marketplace,Online shopping /?? Amazon,65.6,Mashreq_Main,business_registered_regular,BR,GST5,Tax Group,Yes
09-05-2025,Personal,Personal - Amazon Shopping,Amazon,Online Marketplace,Online shopping /?? Amazon,107.75,Mashreq_Main,business_registered_regular,BR,GST5,Tax Group,Yes
09-05-2025,Personal,Personal - Food & Dining,Noon,Online Marketplace,Online shopping /?? Noon,53.65,Mashreq_Main,business_registered_regular,BR,GST5,Tax Group,Yes
09-05-2025,Personal,Personal - Parking & Salik,National Parking Company,Parking/Salik,Parking / Salik toll /?? National Parking Company,30,Mashreq_Main,business_registered_regular,BR,GST5,Tax Group,Yes
09-05-2025,Personal,Personal - Shopping & Lifestyle,Noon,Online Marketplace,Online shopping /?? Noon,143.88,Mashreq_Main,business_registered_regular,BR,GST5,Tax Group,Yes
08-05-2025,Personal,Personal - Amazon Shopping,Amazon,Online Marketplace,Online shopping /?? Amazon,75,Mashreq_Main,business_registered_regular,BR,GST5,Tax Group,Yes
08-05-2025,Personal,Personal - Travel & Conveyance,Citi Taxi,Transport,Transport/taxi /?? Citi Taxi,18.75,Mashreq_Main,business_registered_regular,BR,GST5,Tax Group,Yes
07-05-2025,Personal,Personal - Vehicle Fuel,ENOC/EPPCO,Fuel Station,Vehicle fuel /?? ENOC/EPPCO,95.96,Mashreq_Main,business_registered_regular,BR,GST5,Tax Group,Yes
06-05-2025,Personal,Personal - Vehicle Maintenance,Fine Tools Equipment & Trading,Tools & Equipment,Tools & equipment purchase /?? Fine Tools Equipment & Trading,57.75,Mashreq_Main,business_registered_regular,BR,GST5,Tax Group,Yes
06-05-2025,Business,Printing & Stationery,A B Print House,Printing & Stationery,Printing & stationery /?? A B Print House,7.5,Mashreq_Main,business_registered_regular,BR,GST5,Tax Group,Yes
05-05-2025,Personal,Personal - Travel & Conveyance,Union Taxi,Transport,Transport/taxi /?? Union Taxi,20.25,Mashreq_Main,business_registered_regular,BR,GST5,Tax Group,Yes
04-05-2025,Personal,Personal - Grocery & Household,Shaklan Supermarket,Supermarket,Supermarket purchase /?? Shaklan Supermarket,50.5,Mashreq_Main,business_registered_regular,BR,GST5,Tax Group,Yes
04-05-2025,Personal,Personal - Vehicle Fuel,ENOC/EPPCO,Fuel Station,Vehicle fuel /?? ENOC/EPPCO,108.51,Mashreq_Main,business_registered_regular,BR,GST5,Tax Group,Yes
02-05-2025,Personal,Personal - Vehicle Maintenance,Dar Alshabab Auto,Vehicle Maintenance,Vehicle maintenance/repair /?? Dar Alshabab Auto,500,Mashreq_Main,business_registered_regular,BR,GST5,Tax Group,Yes
01-05-2025,Personal,Personal - Vehicle Fuel,ENOC/EPPCO,Fuel Station,Vehicle fuel /?? ENOC/EPPCO,101.94,Mashreq_Main,business_registered_regular,BR,GST5,Tax Group,Yes
01-05-2025,Business,Software Subscriptions - Business,Google,Software/Cloud,Software/cloud subscription /?? Google,30.08,Mashreq_Main,business_registered_regular,BR,GST5,Tax Group,Yes
30-04-2025,Personal,Personal - Vehicle Fuel,ADNOC,Fuel Station,Vehicle fuel /?? ADNOC,222.02,Mashreq_Main,business_registered_regular,BR,GST5,Tax Group,Yes
30-04-2025,Personal,Personal - Vehicle Fuel,Emarat,Fuel Station,Vehicle fuel /?? Emarat,170,Mashreq_Main,business_registered_regular,BR,GST5,Tax Group,Yes
29-04-2025,Personal,Personal - Vehicle Maintenance,Dar Alshabab Auto,Vehicle Maintenance,Vehicle maintenance/repair /?? Dar Alshabab Auto,120,Mashreq_Main,business_registered_regular,BR,GST5,Tax Group,Yes
28-04-2025,Personal,Personal - Medical & Pharmacy,Salah Din Medical Fitness,Medical,Medical expense /?? Salah Din Medical Fitness,78.14,Mashreq_Main,business_registered_regular,BR,GST5,Tax Group,Yes
28-04-2025,Personal,Personal - Vehicle Fuel,ENOC/EPPCO,Fuel Station,Vehicle fuel /?? ENOC/EPPCO,115.01,Mashreq_Main,business_registered_regular,BR,GST5,Tax Group,Yes
28-04-2025,Business,Printing & Stationery,Rapid Pro Typing Services,Printing & Stationery,Printing & stationery /?? Rapid Pro Typing Services,261.86,Mashreq_Main,business_registered_regular,BR,GST5,Tax Group,Yes
25-04-2025,Personal,Personal - Vehicle Fuel,ENOC/EPPCO,Fuel Station,Vehicle fuel /?? ENOC/EPPCO,105.14,Mashreq_Main,business_registered_regular,BR,GST5,Tax Group,Yes
25-04-2025,Business,Vehicle Registration & Insurance,Liva Insurance,Insurance,Insurance payment /?? Liva Insurance,1811.25,Mashreq_Main,business_registered_regular,BR,GST5,Tax Group,Yes
24-04-2025,Business,Miscellaneous Business Expenses,Alhind & Middle East Exchange,Money Exchange,Currency exchange /?? Alhind & Middle East Exchange,1064.77,Mashreq_Main,business_registered_regular,BR,GST5,Tax Group,Yes
24-04-2025,Business,Vehicle Registration & Insurance,PB Orient Insurance,Insurance,Insurance payment /?? PB Orient Insurance,479.76,Mashreq_Main,business_registered_regular,BR,GST5,Tax Group,Yes
23-04-2025,Personal,Personal - Grocery & Household,Jubily Supermarket,Supermarket,Supermarket purchase /?? Jubily Supermarket,41,Mashreq_Main,business_registered_regular,BR,GST5,Tax Group,Yes
22-04-2025,Business,Vehicle Registration & Insurance,PB Orient Insurance,Insurance,Insurance payment /?? PB Orient Insurance,479.76,Mashreq_Main,business_registered_regular,BR,GST5,Tax Group,Yes
21-04-2025,Business,Mobile & Telecom - Business,Digital,Uncategorised - review,"Digital /?? uncategorised, please review",272.55,Mashreq_Main,business_registered_regular,BR,GST5,Tax Group,Yes
21-04-2025,Personal,Personal - Subscriptions & Software,Amazon,Online Marketplace,Online shopping /?? Amazon,16,Mashreq_Main,business_registered_regular,BR,GST5,Tax Group,Yes
21-04-2025,Personal,Personal - Vehicle Fuel,ENOC/EPPCO,Fuel Station,Vehicle fuel /?? ENOC/EPPCO,100.2,Mashreq_Main,business_registered_regular,BR,GST5,Tax Group,Yes
21-04-2025,Personal,Personal - Vehicle Maintenance,Fine Tools Equipment & Trading,Tools & Equipment,Tools & equipment purchase /?? Fine Tools Equipment & Trading,270.9,Mashreq_Main,business_registered_regular,BR,GST5,Tax Group,Yes
19-04-2025,Business,Printing & Stationery,A B Print House,Printing & Stationery,Printing & stationery /?? A B Print House,5,Mashreq_Main,business_registered_regular,BR,GST5,Tax Group,Yes
18-04-2025,Personal,Personal - Shopping & Lifestyle,Temu,Retail - Online,Online retail purchase /?? Temu,99.04,Mashreq_Main,business_registered_regular,BR,GST5,Tax Group,Yes
18-04-2025,Personal,Personal - Shopping & Lifestyle,Temu,Retail - Online,Online retail purchase /?? Temu,8.66,Mashreq_Main,business_registered_regular,BR,GST5,Tax Group,Yes
17-04-2025,Personal,Personal - Grocery & Household,Nesto Hypermarket,Supermarket,Supermarket purchase /?? Nesto Hypermarket,27.73,Mashreq_Main,business_registered_regular,BR,GST5,Tax Group,Yes
17-04-2025,Personal,Personal - Vehicle Fuel,ENOC/EPPCO,Fuel Station,Vehicle fuel /?? ENOC/EPPCO,98.45,Mashreq_Main,business_registered_regular,BR,GST5,Tax Group,Yes
16-04-2025,Business,Electricity - Business Premises,Dubai Smart Government,Government,Government payment /?? Dubai Smart Government,442.95,Mashreq_Main,business_registered_regular,BR,GST5,Tax Group,Yes
16-04-2025,Personal,Personal - Medical & Pharmacy,Salah Din Medical Fitness,Medical,Medical expense /?? Salah Din Medical Fitness,78.14,Mashreq_Main,business_registered_regular,BR,GST5,Tax Group,Yes
16-04-2025,Personal,Personal - Shopping & Lifestyle,Gifts Village,Retail,Retail purchase /?? Gifts Village,87.6,Mashreq_Main,business_registered_regular,BR,GST5,Tax Group,Yes
16-04-2025,Business,Printing & Stationery,Rapid Pro Typing Services,Printing & Stationery,Printing & stationery /?? Rapid Pro Typing Services,261.86,Mashreq_Main,business_registered_regular,BR,GST5,Tax Group,Yes
15-04-2025,Personal,Personal - Shopping & Lifestyle,Saif Al Burhan,Uncategorised - review,"Saif Al Burhan /?? uncategorised, please review",38,Mashreq_Main,business_registered_regular,BR,GST5,Tax Group,Yes
15-04-2025,Personal,Personal - Vehicle Fuel,ENOC/EPPCO,Fuel Station,Vehicle fuel /?? ENOC/EPPCO,105.02,Mashreq_Main,business_registered_regular,BR,GST5,Tax Group,Yes
14-03-2025,Personal,Personal - Miscellaneous,Card Fee/EMI/VAT Adjustment,Card Adjustment,Card adjustment/refund /?? Card Fee/EMI/VAT Adjustment,2225.4,Mashreq_Main,business_registered_regular,BR,GST5,Tax Group,Yes
14-03-2025,Personal,Personal - Miscellaneous,Card Fee/EMI/VAT Adjustment,Card Adjustment,Card adjustment/refund /?? Card Fee/EMI/VAT Adjustment,2173.34,Mashreq_Main,business_registered_regular,BR,GST5,Tax Group,Yes
11-03-2025,Business,General Maintenance & Repairs,Laspinas Building Materials,Maintenance/Repairs,Maintenance/repairs /?? Laspinas Building Materials,208.43,Mashreq_Main,business_registered_regular,BR,GST5,Tax Group,Yes
11-03-2025,Personal,Personal - Subscriptions & Software,Amazon,Online Marketplace,Online shopping /?? Amazon,16,Mashreq_Main,business_registered_regular,BR,GST5,Tax Group,Yes
11-03-2025,Personal,Personal - Vehicle Fuel,Emarat,Fuel Station,Vehicle fuel /?? Emarat,107.31,Mashreq_Main,business_registered_regular,BR,GST5,Tax Group,Yes
09-03-2025,Personal,Personal - Miscellaneous,Payment Al Quoz Branch (Bank Counter),Bank/Cash,Cash/bank transaction /?? Payment Al Quoz Branch (Bank Counter),0,Mashreq_Main,business_registered_regular,BR,GST5,Tax Group,Yes
09-03-2025,Personal,Personal - Shopping & Lifestyle,Alhameidi Department Store,Retail,Retail purchase /?? Alhameidi Department Store,104.5,Mashreq_Main,business_registered_regular,BR,GST5,Tax Group,Yes
06-03-2025,Personal,Personal - Vehicle Fuel,ENOC/EPPCO,Fuel Station,Vehicle fuel /?? ENOC/EPPCO,110.01,Mashreq_Main,business_registered_regular,BR,GST5,Tax Group,Yes
06-03-2025,Business,Printing & Stationery,A B Print House,Printing & Stationery,Printing & stationery /?? A B Print House,8.25,Mashreq_Main,business_registered_regular,BR,GST5,Tax Group,Yes
05-03-2025,Personal,Personal - Vehicle Maintenance,Fine Tools Equipment & Trading,Tools & Equipment,Tools & equipment purchase /?? Fine Tools Equipment & Trading,200,Mashreq_Main,business_registered_regular,BR,GST5,Tax Group,Yes
01-03-2025,Personal,Personal - Vehicle Fuel,ENOC/EPPCO,Fuel Station,Vehicle fuel /?? ENOC/EPPCO,110.01,Mashreq_Main,business_registered_regular,BR,GST5,Tax Group,Yes
01-03-2025,Business,Software Subscriptions - Business,Google,Software/Cloud,Software/cloud subscription /?? Google,27.49,Mashreq_Main,business_registered_regular,BR,GST5,Tax Group,Yes
26-02-2025,Personal,Personal - Travel & Conveyance,Dubai Duty Free,Travel/Retail,Travel/retail purchase /?? Dubai Duty Free,65,Mashreq_Main,business_registered_regular,BR,GST5,Tax Group,Yes
25-02-2025,Personal,Personal - Shopping & Lifestyle,Tyre Shop (Al Qouz/Al Taqdeer/Rukn Al Sahil),Vehicle Maintenance,Vehicle maintenance/repair /?? Tyre Shop (Al Qouz/Al Taqdeer/Rukn Al Sahil),60,Mashreq_Main,business_registered_regular,BR,GST5,Tax Group,Yes
23-02-2025,Personal,Personal - Amazon Shopping,Amazon,Online Marketplace,Online shopping /?? Amazon,93.67,Mashreq_Main,business_registered_regular,BR,GST5,Tax Group,Yes
23-02-2025,Personal,Personal - Amazon Shopping,Amazon,Online Marketplace,Online shopping /?? Amazon,381.59,Mashreq_Main,business_registered_regular,BR,GST5,Tax Group,Yes
21-02-2025,Personal,Personal - Subscriptions & Software,Amazon,Online Marketplace,Online shopping /?? Amazon,16,Mashreq_Main,business_registered_regular,BR,GST5,Tax Group,Yes
20-02-2025,Personal,Personal - Air Travel,Air India,Airline,Air travel booking /?? Air India,715,Mashreq_Main,business_registered_regular,BR,GST5,Tax Group,Yes
19-02-2025,Personal,Personal - Amazon Shopping,Amazon,Online Marketplace,Online shopping /?? Amazon,52.45,Mashreq_Main,business_registered_regular,BR,GST5,Tax Group,Yes
17-02-2025,Personal,Personal - Amazon Shopping,Amazon,Online Marketplace,Online shopping /?? Amazon,43.39,Mashreq_Main,business_registered_regular,BR,GST5,Tax Group,Yes
17-02-2025,Personal,Personal - Food & Dining,Veppupura Restaurant,Restaurant,Restaurant / dining /?? Veppupura Restaurant,20,Mashreq_Main,business_registered_regular,BR,GST5,Tax Group,Yes
17-02-2025,Personal,Personal - Vehicle Fuel,ADNOC,Fuel Station,Vehicle fuel /?? ADNOC,100,Mashreq_Main,business_registered_regular,BR,GST5,Tax Group,Yes
16-02-2025,Personal,Personal - Food & Dining,Noon,Online Marketplace,Online shopping /?? Noon,66.75,Mashreq_Main,business_registered_regular,BR,GST5,Tax Group,Yes
14-02-2025,Personal,Personal - Food & Dining,Bikanervala,Restaurant,Restaurant / dining /?? Bikanervala,66,Mashreq_Main,business_registered_regular,BR,GST5,Tax Group,Yes
14-02-2025,Personal,Personal - Miscellaneous,Card Fee/EMI/VAT Adjustment,Card Adjustment,Card adjustment/refund /?? Card Fee/EMI/VAT Adjustment,2225.4,Mashreq_Main,business_registered_regular,BR,GST5,Tax Group,Yes
14-02-2025,Personal,Personal - Miscellaneous,Card Fee/EMI/VAT Adjustment,Card Adjustment,Card adjustment/refund /?? Card Fee/EMI/VAT Adjustment,2173.33,Mashreq_Main,business_registered_regular,BR,GST5,Tax Group,Yes
14-02-2025,Personal,Personal - Miscellaneous,Dubai Smart Government,Government,Government payment /?? Dubai Smart Government,520,Mashreq_Main,business_registered_regular,BR,GST5,Tax Group,Yes
12-02-2025,Business,Electricity - Business Premises,Dubai Smart Government,Government,Government payment /?? Dubai Smart Government,442.95,Mashreq_Main,business_registered_regular,BR,GST5,Tax Group,Yes
12-02-2025,Business,Electricity - Business Premises,Dubai Smart Government,Government,Government payment /?? Dubai Smart Government,442.95,Mashreq_Main,business_registered_regular,BR,GST5,Tax Group,Yes
12-02-2025,Personal,Personal - Miscellaneous,Nesto Hypermarket,Supermarket,Supermarket purchase /?? Nesto Hypermarket,498.8,Mashreq_Main,business_registered_regular,BR,GST5,Tax Group,Yes
11-02-2025,Personal,Personal - Amazon Shopping,Amazon,Online Marketplace,Online shopping /?? Amazon,56.9,Mashreq_Main,business_registered_regular,BR,GST5,Tax Group,Yes
11-02-2025,Personal,Personal - Amazon Shopping,Amazon,Online Marketplace,Online shopping /?? Amazon,5.8,Mashreq_Main,business_registered_regular,BR,GST5,Tax Group,Yes
11-02-2025,Personal,Personal - Subscriptions & Software,Amazon,Online Marketplace,Online shopping /?? Amazon,16,Mashreq_Main,business_registered_regular,BR,GST5,Tax Group,Yes
11-02-2025,Personal,Personal - Subscriptions & Software,Amazon,Online Marketplace,Online shopping /?? Amazon,16,Mashreq_Main,business_registered_regular,BR,GST5,Tax Group,Yes
10-02-2025,Personal,Personal - Grocery & Household,Al Bawadi Supermarket,Supermarket,Supermarket purchase /?? Al Bawadi Supermarket,14.5,Mashreq_Main,business_registered_regular,BR,GST5,Tax Group,Yes
09-02-2025,Personal,Personal - Amazon Shopping,Amazon,Online Marketplace,Online shopping /?? Amazon,-4.25,Mashreq_Main,business_registered_regular,BR,GST5,Tax Group,Yes
09-02-2025,Personal,Personal - Amazon Shopping,Amazon,Online Marketplace,Online shopping /?? Amazon,13.99,Mashreq_Main,business_registered_regular,BR,GST5,Tax Group,Yes
09-02-2025,Personal,Personal - Miscellaneous,Payment Al Quoz Branch (Bank Counter),Bank/Cash,Cash/bank transaction /?? Payment Al Quoz Branch (Bank Counter),0,Mashreq_Main,business_registered_regular,BR,GST5,Tax Group,Yes
09-02-2025,Personal,Personal - Miscellaneous,Payment Al Quoz Branch (Bank Counter),Bank/Cash,Cash/bank transaction /?? Payment Al Quoz Branch (Bank Counter),0,Mashreq_Main,business_registered_regular,BR,GST5,Tax Group,Yes
08-02-2025,Business,Bank & Card Annual Fees,Card Fee/EMI/VAT Adjustment,Card Adjustment,Card adjustment/refund /?? Card Fee/EMI/VAT Adjustment,149,Mashreq_Main,business_registered_regular,BR,GST5,Tax Group,Yes
08-02-2025,Business,Bank & Card Annual Fees,Card Fee/EMI/VAT Adjustment,Card Adjustment,Card adjustment/refund /?? Card Fee/EMI/VAT Adjustment,7.45,Mashreq_Main,business_registered_regular,BR,GST5,Tax Group,Yes
08-02-2025,Personal,Personal - Air Travel,Air India,Airline,Air travel booking /?? Air India,605,Mashreq_Main,business_registered_regular,BR,GST5,Tax Group,Yes
08-02-2025,Personal,Personal - Amazon Shopping,Amazon,Online Marketplace,Online shopping /?? Amazon,50.28,Mashreq_Main,business_registered_regular,BR,GST5,Tax Group,Yes
08-02-2025,Personal,Personal - Amazon Shopping,Amazon,Online Marketplace,Online shopping /?? Amazon,8,Mashreq_Main,business_registered_regular,BR,GST5,Tax Group,Yes
08-02-2025,Personal,Personal - Shopping & Lifestyle,Groupon,Retail - Online,Online retail purchase /?? Groupon,66.88,Mashreq_Main,business_registered_regular,BR,GST5,Tax Group,Yes
08-02-2025,Personal,Personal - Shopping & Lifestyle,Groupon,Retail - Online,Online retail purchase /?? Groupon,53.5,Mashreq_Main,business_registered_regular,BR,GST5,Tax Group,Yes
07-02-2025,Business,Mobile & Telecom - Business,Digital,Uncategorised - review,"Digital /?? uncategorised, please review",880.24,Mashreq_Main,business_registered_regular,BR,GST5,Tax Group,Yes
07-02-2025,Business,Mobile & Telecom - Business,Digital,Uncategorised - review,"Digital /?? uncategorised, please review",749.01,Mashreq_Main,business_registered_regular,BR,GST5,Tax Group,Yes
07-02-2025,Personal,Personal - Food & Dining,Puranmal Restaurant & Sweets,Restaurant,Restaurant / dining /?? Puranmal Restaurant & Sweets,54.34,Mashreq_Main,business_registered_regular,BR,GST5,Tax Group,Yes
07-02-2025,Personal,Personal - Grocery & Household,Nesto Hypermarket,Supermarket,Supermarket purchase /?? Nesto Hypermarket,113.48,Mashreq_Main,business_registered_regular,BR,GST5,Tax Group,Yes
07-02-2025,Personal,Personal - Medical & Pharmacy,RALS Pharmacy,Pharmacy,Pharmacy purchase /?? RALS Pharmacy,70.69,Mashreq_Main,business_registered_regular,BR,GST5,Tax Group,Yes
07-02-2025,Personal,Personal - Miscellaneous,Federal Tax Authority (FTA),Government / VAT,VAT payment /?? Federal Tax Authority (FTA),6676.18,Mashreq_Main,business_registered_regular,BR,GST5,Tax Group,Yes
07-02-2025,Personal,Personal - Miscellaneous,Inward IPP Credit (Instant Payment),Bank Transfer,Bank transfer /?? Inward IPP Credit (Instant Payment),-749,Mashreq_Main,business_registered_regular,BR,GST5,Tax Group,Yes
07-02-2025,Personal,Personal - Miscellaneous,Inward IPP Credit (Instant Payment),Bank Transfer,Bank transfer /?? Inward IPP Credit (Instant Payment),-880,Mashreq_Main,business_registered_regular,BR,GST5,Tax Group,Yes
07-02-2025,Personal,Personal - Miscellaneous,Inward IPP Credit (Instant Payment),Bank Transfer,Bank transfer /?? Inward IPP Credit (Instant Payment),-6676,Mashreq_Main,business_registered_regular,BR,GST5,Tax Group,Yes
07-02-2025,Personal,Personal - Miscellaneous,Dubai Smart Government,Government,Government payment /?? Dubai Smart Government,6520,Mashreq_Main,business_registered_regular,BR,GST5,Tax Group,Yes
07-02-2025,Personal,Personal - Miscellaneous,Fortune Foods,Supermarket,Supermarket purchase /?? Fortune Foods,62.5,Mashreq_Main,business_registered_regular,BR,GST5,Tax Group,Yes
07-02-2025,Personal,Personal - Miscellaneous,Genesis Insurance Brokers,Insurance,Insurance payment /?? Genesis Insurance Brokers,479.76,Mashreq_Main,business_registered_regular,BR,GST5,Tax Group,Yes
07-02-2025,Personal,Personal - Miscellaneous,Dubai Smart Government,Government,Government payment /?? Dubai Smart Government,2,Mashreq_Main,business_registered_regular,BR,GST5,Tax Group,Yes
06-02-2025,Personal,Personal - Shopping & Lifestyle,Noon,Online Marketplace,Online shopping /?? Noon,55.38,Mashreq_Main,business_registered_regular,BR,GST5,Tax Group,Yes
05-02-2025,Personal,Personal - Air Travel,SpiceJet,Airline,Air travel booking /?? SpiceJet,548.61,Mashreq_Main,business_registered_regular,BR,GST5,Tax Group,Yes
03-02-2025,Business,Mobile & Telecom - Business,Digital,Uncategorised - review,"Digital /?? uncategorised, please review",619.81,Mashreq_Main,business_registered_regular,BR,GST5,Tax Group,Yes
02-02-2025,Personal,Personal - Grocery & Household,Nesto Hypermarket,Supermarket,Supermarket purchase /?? Nesto Hypermarket,229.52,Mashreq_Main,business_registered_regular,BR,GST5,Tax Group,Yes
01-02-2025,Personal,Personal - Grocery & Household,Al Bawadi Supermarket,Supermarket,Supermarket purchase /?? Al Bawadi Supermarket,16.5,Mashreq_Main,business_registered_regular,BR,GST5,Tax Group,Yes
01-02-2025,Personal,Personal - Miscellaneous,Bouz Al Jedi Restaurant,Restaurant,Restaurant / dining /?? Bouz Al Jedi Restaurant,13,Mashreq_Main,business_registered_regular,BR,GST5,Tax Group,Yes
01-02-2025,Personal,Personal - Subscriptions & Software,Google,Software/Cloud,Software/cloud subscription /?? Google,27.5,Mashreq_Main,business_registered_regular,BR,GST5,Tax Group,Yes
01-02-2025,Business,Software Subscriptions - Business,Google,Software/Cloud,Software/cloud subscription /?? Google,27.53,Mashreq_Main,business_registered_regular,BR,GST5,Tax Group,Yes
30-01-2025,Personal,Personal - Amazon Shopping,Amazon,Online Marketplace,Online shopping /?? Amazon,114.36,Mashreq_Main,business_registered_regular,BR,GST5,Tax Group,Yes
30-01-2025,Business,Post & Courier,Emirates Post,Post & Courier,Courier/postage /?? Emirates Post,300,Mashreq_Main,business_registered_regular,BR,GST5,Tax Group,Yes
29-01-2025,Personal,Personal - Food & Dining,Safar Tas Restaurant,Restaurant,Restaurant / dining /?? Safar Tas Restaurant,13.75,Mashreq_Main,business_registered_regular,BR,GST5,Tax Group,Yes
28-01-2025,Personal,Personal - Amazon Shopping,Amazon,Online Marketplace,Online shopping /?? Amazon,35.98,Mashreq_Main,business_registered_regular,BR,GST5,Tax Group,Yes
27-01-2025,Personal,Personal - Grocery & Household,Grand Hypermarket,Supermarket,Supermarket purchase /?? Grand Hypermarket,107.23,Mashreq_Main,business_registered_regular,BR,GST5,Tax Group,Yes
27-01-2025,Personal,Personal - Miscellaneous,Nesto Hypermarket,Supermarket,Supermarket purchase /?? Nesto Hypermarket,58.69,Mashreq_Main,business_registered_regular,BR,GST5,Tax Group,Yes
27-01-2025,Personal,Personal - Miscellaneous,Mohd Rashid Vegetables & Fruits,Grocery,Grocery purchase /?? Mohd Rashid Vegetables & Fruits,150,Mashreq_Main,business_registered_regular,BR,GST5,Tax Group,Yes
27-01-2025,Personal,Personal - Miscellaneous,Federal Tax Authority (FTA),Government / VAT,VAT payment /?? Federal Tax Authority (FTA),6676.18,Mashreq_Main,business_registered_regular,BR,GST5,Tax Group,Yes
26-01-2025,Business,Mobile & Telecom - Business,Digital,Uncategorised - review,"Digital /?? uncategorised, please review",749.01,Mashreq_Main,business_registered_regular,BR,GST5,Tax Group,Yes
26-01-2025,Personal,Personal - Miscellaneous,Genesis Insurance Brokers,Insurance,Insurance payment /?? Genesis Insurance Brokers,479.76,Mashreq_Main,business_registered_regular,BR,GST5,Tax Group,Yes
26-01-2025,Personal,Personal - Miscellaneous,Genesis Insurance Brokers,Insurance,Insurance payment /?? Genesis Insurance Brokers,479.76,Mashreq_Main,business_registered_regular,BR,GST5,Tax Group,Yes
26-01-2025,Personal,Personal - Miscellaneous,Dubai Smart Government,Government,Government payment /?? Dubai Smart Government,100,Mashreq_Main,business_registered_regular,BR,GST5,Tax Group,Yes
26-01-2025,Business,Vehicle Fines - Business,Sharjah Police,Government / Fines,Traffic/government fine /?? Sharjah Police,300,Mashreq_Main,business_registered_regular,BR,GST5,Tax Group,Yes
25-01-2025,Personal,Personal - Amazon Shopping,Amazon,Online Marketplace,Online shopping /?? Amazon,556.24,Mashreq_Main,business_registered_regular,BR,GST5,Tax Group,Yes
25-01-2025,Personal,Personal - Grocery & Household,Nesto Hypermarket,Supermarket,Supermarket purchase /?? Nesto Hypermarket,306.92,Mashreq_Main,business_registered_regular,BR,GST5,Tax Group,Yes
25-01-2025,Personal,Personal - Miscellaneous,GMG Consumer (Sun & Sand / Sports),Retail,Retail purchase /?? GMG Consumer (Sun & Sand / Sports),14.77,Mashreq_Main,business_registered_regular,BR,GST5,Tax Group,Yes
25-01-2025,Personal,Personal - Shopping & Lifestyle,Giordano,Retail - Apparel,Clothing purchase /?? Giordano,39.5,Mashreq_Main,business_registered_regular,BR,GST5,Tax Group,Yes
23-01-2025,Personal,Personal - Drinking Water,Al Huda Drinking Water,Utility,Utility bill /?? Al Huda Drinking Water,400,Mashreq_Main,business_registered_regular,BR,GST5,Tax Group,Yes
22-01-2025,Personal,Personal - Miscellaneous,Dubai Smart Government,Government,Government payment /?? Dubai Smart Government,100,Mashreq_Main,business_registered_regular,BR,GST5,Tax Group,Yes
22-01-2025,Personal,Personal - Miscellaneous,Dubai Smart Government,Government,Government payment /?? Dubai Smart Government,50,Mashreq_Main,business_registered_regular,BR,GST5,Tax Group,Yes
21-01-2025,Business,Electricity - Business Premises,Dubai Smart Government,Government,Government payment /?? Dubai Smart Government,6520,Mashreq_Main,business_registered_regular,BR,GST5,Tax Group,Yes
21-01-2025,Personal,Personal - Subscriptions & Software,Amazon,Online Marketplace,Online shopping /?? Amazon,16,Mashreq_Main,business_registered_regular,BR,GST5,Tax Group,Yes
21-01-2025,Personal,Personal - Subscriptions & Software,Amazon,Online Marketplace,Online shopping /?? Amazon,16,Mashreq_Main,business_registered_regular,BR,GST5,Tax Group,Yes
20-01-2025,Personal,Personal - Amazon Shopping,Amazon,Online Marketplace,Online shopping /?? Amazon,18.26,Mashreq_Main,business_registered_regular,BR,GST5,Tax Group,Yes
19-01-2025,Business,Mobile & Telecom - Business,Digital,Uncategorised - review,"Digital /?? uncategorised, please review",2,Mashreq_Main,business_registered_regular,BR,GST5,Tax Group,Yes
19-01-2025,Business,Mobile & Telecom - Business,Digital,Uncategorised - review,"Digital /?? uncategorised, please review",880.24,Mashreq_Main,business_registered_regular,BR,GST5,Tax Group,Yes
19-01-2025,Personal,Personal - Food & Dining,Little China Restaurant,Restaurant,Restaurant / dining /?? Little China Restaurant,43,Mashreq_Main,business_registered_regular,BR,GST5,Tax Group,Yes
19-01-2025,Personal,Personal - Grocery & Household,Al Bawadi Supermarket,Supermarket,Supermarket purchase /?? Al Bawadi Supermarket,7.75,Mashreq_Main,business_registered_regular,BR,GST5,Tax Group,Yes
19-01-2025,Personal,Personal - Grocery & Household,Nesto Hypermarket,Supermarket,Supermarket purchase /?? Nesto Hypermarket,186.35,Mashreq_Main,business_registered_regular,BR,GST5,Tax Group,Yes
19-01-2025,Personal,Personal - Miscellaneous,Dubai Smart Government,Government,Government payment /?? Dubai Smart Government,443.27,Mashreq_Main,business_registered_regular,BR,GST5,Tax Group,Yes
19-01-2025,Personal,Personal - Miscellaneous,Global Village,Leisure,Leisure/entertainment /?? Global Village,25,Mashreq_Main,business_registered_regular,BR,GST5,Tax Group,Yes
19-01-2025,Personal,Personal - Miscellaneous,Global Village,Leisure,Leisure/entertainment /?? Global Village,137,Mashreq_Main,business_registered_regular,BR,GST5,Tax Group,Yes
19-01-2025,Personal,Personal - Shopping & Lifestyle,Tyre Shop (Al Qouz/Al Taqdeer/Rukn Al Sahil),Vehicle Maintenance,Vehicle maintenance/repair /?? Tyre Shop (Al Qouz/Al Taqdeer/Rukn Al Sahil),30,Mashreq_Main,business_registered_regular,BR,GST5,Tax Group,Yes
18-01-2025,Personal,Personal - Amazon Shopping,Amazon,Online Marketplace,Online shopping /?? Amazon,95.31,Mashreq_Main,business_registered_regular,BR,GST5,Tax Group,Yes
17-01-2025,Personal,Personal - Amazon Shopping,Amazon,Online Marketplace,Online shopping /?? Amazon,33.95,Mashreq_Main,business_registered_regular,BR,GST5,Tax Group,Yes
17-01-2025,Personal,Personal - Amazon Shopping,Amazon,Online Marketplace,Online shopping /?? Amazon,42.4,Mashreq_Main,business_registered_regular,BR,GST5,Tax Group,Yes
17-01-2025,Personal,Personal - Food & Dining,Noon,Online Marketplace,Online shopping /?? Noon,5.92,Mashreq_Main,business_registered_regular,BR,GST5,Tax Group,Yes
17-01-2025,Personal,Personal - Miscellaneous,Dubai Smart Government,Government,Government payment /?? Dubai Smart Government,2,Mashreq_Main,business_registered_regular,BR,GST5,Tax Group,Yes
17-01-2025,Personal,Personal - Travel & Conveyance,Rocky Gents Saloon,Salon/Beauty,Salon/beauty service /?? Rocky Gents Saloon,15.5,Mashreq_Main,business_registered_regular,BR,GST5,Tax Group,Yes
16-01-2025,Personal,Personal - Air Travel,Air Arabia,Airline,Air travel booking /?? Air Arabia,735.63,Mashreq_Main,business_registered_regular,BR,GST5,Tax Group,Yes
16-01-2025,Personal,Personal - Amazon Shopping,Amazon,Online Marketplace,Online shopping /?? Amazon,92.85,Mashreq_Main,business_registered_regular,BR,GST5,Tax Group,Yes
16-01-2025,Personal,Personal - Amazon Shopping,Amazon,Online Marketplace,Online shopping /?? Amazon,48.5,Mashreq_Main,business_registered_regular,BR,GST5,Tax Group,Yes
16-01-2025,Personal,Personal - Amazon Shopping,Amazon,Online Marketplace,Online shopping /?? Amazon,41,Mashreq_Main,business_registered_regular,BR,GST5,Tax Group,Yes
15-01-2025,Personal,Personal - Amazon Shopping,Amazon,Online Marketplace,Online shopping /?? Amazon,18.99,Mashreq_Main,business_registered_regular,BR,GST5,Tax Group,Yes
14-01-2025,Personal,Personal - Amazon Shopping,Amazon,Online Marketplace,Online shopping /?? Amazon,18.9,Mashreq_Main,business_registered_regular,BR,GST5,Tax Group,Yes
14-01-2025,Personal,Personal - Grocery & Household,Al Bawadi Supermarket,Supermarket,Supermarket purchase /?? Al Bawadi Supermarket,5.75,Mashreq_Main,business_registered_regular,BR,GST5,Tax Group,Yes
14-01-2025,Personal,Personal - Miscellaneous,Card Fee/EMI/VAT Adjustment,Card Adjustment,Card adjustment/refund /?? Card Fee/EMI/VAT Adjustment,2008.94,Mashreq_Main,business_registered_regular,BR,GST5,Tax Group,Yes
14-01-2025,Personal,Personal - Miscellaneous,Card Fee/EMI/VAT Adjustment,Card Adjustment,Card adjustment/refund /?? Card Fee/EMI/VAT Adjustment,387.3,Mashreq_Main,business_registered_regular,BR,GST5,Tax Group,Yes
14-01-2025,Personal,Personal - Vehicle Fuel,Emarat,Fuel Station,Vehicle fuel /?? Emarat,232,Mashreq_Main,business_registered_regular,BR,GST5,Tax Group,Yes
13-01-2025,Personal,Personal - Amazon Shopping,Amazon,Online Marketplace,Online shopping /?? Amazon,25.09,Mashreq_Main,business_registered_regular,BR,GST5,Tax Group,Yes
13-01-2025,Personal,Personal - Amazon Shopping,Amazon,Online Marketplace,Online shopping /?? Amazon,18.61,Mashreq_Main,business_registered_regular,BR,GST5,Tax Group,Yes
13-01-2025,Personal,Personal - Amazon Shopping,Amazon,Online Marketplace,Online shopping /?? Amazon,17.73,Mashreq_Main,business_registered_regular,BR,GST5,Tax Group,Yes
12-01-2025,Business,Mobile & Telecom - Business,Digital,Uncategorised - review,"Digital /?? uncategorised, please review",2,Mashreq_Main,business_registered_regular,BR,GST5,Tax Group,Yes
12-01-2025,Personal,Personal - Amazon Shopping,Amazon,Online Marketplace,Online shopping /?? Amazon,16.49,Mashreq_Main,business_registered_regular,BR,GST5,Tax Group,Yes
12-01-2025,Personal,Personal - Amazon Shopping,Amazon,Online Marketplace,Online shopping /?? Amazon,30,Mashreq_Main,business_registered_regular,BR,GST5,Tax Group,Yes
12-01-2025,Personal,Personal - Miscellaneous,Nesto Hypermarket,Supermarket,Supermarket purchase /?? Nesto Hypermarket,53,Mashreq_Main,business_registered_regular,BR,GST5,Tax Group,Yes
12-01-2025,Personal,Personal - Miscellaneous,Anwar Al Hidayah Foodstuff,Supermarket,Supermarket purchase /?? Anwar Al Hidayah Foodstuff,330,Mashreq_Main,business_registered_regular,BR,GST5,Tax Group,Yes
11-01-2025,Personal,Personal - Amazon Shopping,Amazon,Online Marketplace,Online shopping /?? Amazon,18,Mashreq_Main,business_registered_regular,BR,GST5,Tax Group,Yes
11-01-2025,Personal,Personal - Miscellaneous,Al Bawadi Supermarket,Supermarket,Supermarket purchase /?? Al Bawadi Supermarket,4.5,Mashreq_Main,business_registered_regular,BR,GST5,Tax Group,Yes
11-01-2025,Personal,Personal - Miscellaneous,Payment Al Quoz Branch (Bank Counter),Bank/Cash,Cash/bank transaction /?? Payment Al Quoz Branch (Bank Counter),0,Mashreq_Main,business_registered_regular,BR,GST5,Tax Group,Yes
11-01-2025,Personal,Personal - Subscriptions & Software,Amazon,Online Marketplace,Online shopping /?? Amazon,16,Mashreq_Main,business_registered_regular,BR,GST5,Tax Group,Yes
10-01-2025,Personal,Personal - Amazon Shopping,Amazon,Online Marketplace,Online shopping /?? Amazon,243.25,Mashreq_Main,business_registered_regular,BR,GST5,Tax Group,Yes
10-01-2025,Personal,Personal - Miscellaneous,Grand Hypermarket,Supermarket,Supermarket purchase /?? Grand Hypermarket,114.56,Mashreq_Main,business_registered_regular,BR,GST5,Tax Group,Yes
10-01-2025,Personal,Personal - Miscellaneous,Sahou Vegetables & Fruits,Grocery,Grocery purchase /?? Sahou Vegetables & Fruits,25,Mashreq_Main,business_registered_regular,BR,GST5,Tax Group,Yes
10-01-2025,Personal,Personal - Miscellaneous,Mohd Rashid Vegetables & Fruits,Grocery,Grocery purchase /?? Mohd Rashid Vegetables & Fruits,155,Mashreq_Main,business_registered_regular,BR,GST5,Tax Group,Yes
08-01-2025,Business,Bank & Card Annual Fees,Card Fee/EMI/VAT Adjustment,Card Adjustment,Card adjustment/refund /?? Card Fee/EMI/VAT Adjustment,149,Mashreq_Main,business_registered_regular,BR,GST5,Tax Group,Yes
08-01-2025,Business,Bank & Card Annual Fees,Card Fee/EMI/VAT Adjustment,Card Adjustment,Card adjustment/refund /?? Card Fee/EMI/VAT Adjustment,7.45,Mashreq_Main,business_registered_regular,BR,GST5,Tax Group,Yes
08-01-2025,Personal,Personal - Miscellaneous,Aman Taxi,Transport,Transport/taxi /?? Aman Taxi,22.25,Mashreq_Main,business_registered_regular,BR,GST5,Tax Group,Yes
08-01-2025,Personal,Personal - Miscellaneous,Payment Al Quoz Branch (Bank Counter),Bank/Cash,Cash/bank transaction /?? Payment Al Quoz Branch (Bank Counter),0,Mashreq_Main,business_registered_regular,BR,GST5,Tax Group,Yes
06-01-2025,Personal,Personal - Amazon Shopping,Amazon,Online Marketplace,Online shopping /?? Amazon,14.09,Mashreq_Main,business_registered_regular,BR,GST5,Tax Group,Yes
06-01-2025,Personal,Personal - Amazon Shopping,Amazon,Online Marketplace,Online shopping /?? Amazon,29.72,Mashreq_Main,business_registered_regular,BR,GST5,Tax Group,Yes
03-01-2025,Personal,Personal - Miscellaneous,Etisalat (e&),Telecom,Telecom / mobile bill /?? Etisalat (e&),10,Mashreq_Main,business_registered_regular,BR,GST5,Tax Group,Yes
02-01-2025,Business,Mobile & Telecom - Business,Digital,Uncategorised - review,"Digital /?? uncategorised, please review",443.27,Mashreq_Main,business_registered_regular,BR,GST5,Tax Group,Yes
02-01-2025,Personal,Personal - Amazon Shopping,Amazon,Online Marketplace,Online shopping /?? Amazon,125.27,Mashreq_Main,business_registered_regular,BR,GST5,Tax Group,Yes
02-01-2025,Personal,Personal - Amazon Shopping,Amazon,Online Marketplace,Online shopping /?? Amazon,12.6,Mashreq_Main,business_registered_regular,BR,GST5,Tax Group,Yes
02-01-2025,Personal,Personal - Miscellaneous,NowNow (Talabat Grocery),Food Delivery,Food delivery /?? NowNow (Talabat Grocery),69.15,Mashreq_Main,business_registered_regular,BR,GST5,Tax Group,Yes
02-01-2025,Personal,Personal - Miscellaneous,SEWA (Sharjah Electricity & Water Authority),Utility,Utility bill /?? SEWA (Sharjah Electricity & Water Authority),729.84,Mashreq_Main,business_registered_regular,BR,GST5,Tax Group,Yes
30-12-2024,Personal,Personal - Miscellaneous,Nesto Hypermarket,Supermarket,Supermarket purchase /?? Nesto Hypermarket,238.06,Mashreq_Main,business_registered_regular,BR,GST5,Tax Group,Yes
29-12-2024,Personal,Personal - Miscellaneous,Landmark Group / Home Centre,Retail,Retail purchase /?? Landmark Group / Home Centre,-24.91,Mashreq_Main,business_registered_regular,BR,GST5,Tax Group,Yes
29-12-2024,Personal,Personal - Miscellaneous,Landmark Group / Home Centre,Retail,Retail purchase /?? Landmark Group / Home Centre,-61.08,Mashreq_Main,business_registered_regular,BR,GST5,Tax Group,Yes
29-12-2024,Personal,Personal - Miscellaneous,Landmark Group / Home Centre,Retail,Retail purchase /?? Landmark Group / Home Centre,186,Mashreq_Main,business_registered_regular,BR,GST5,Tax Group,Yes
28-12-2024,Personal,Personal - Miscellaneous,RTA (Roads & Transport Authority),Government,Government payment /?? RTA (Roads & Transport Authority),100,Mashreq_Main,business_registered_regular,BR,GST5,Tax Group,Yes
28-12-2024,Personal,Personal - Miscellaneous,Federal Tax Authority (FTA),Government / VAT,VAT payment /?? Federal Tax Authority (FTA),7644.06,Mashreq_Main,business_registered_regular,BR,GST5,Tax Group,Yes
28-12-2024,Personal,Personal - Shopping & Lifestyle,Noon,Online Marketplace,Online shopping /?? Noon,146.9,Mashreq_Main,business_registered_regular,BR,GST5,Tax Group,Yes
28-12-2024,Personal,Personal - Shopping & Lifestyle,Max Fashion,Retail - Apparel,Clothing purchase /?? Max Fashion,196.25,Mashreq_Main,business_registered_regular,BR,GST5,Tax Group,Yes
25-12-2024,Personal,Personal - Amazon Shopping,Amazon,Online Marketplace,Online shopping /?? Amazon,75.1,Mashreq_Main,business_registered_regular,BR,GST5,Tax Group,Yes
25-12-2024,Personal,Personal - Miscellaneous,Dubai Smart Government,Government,Government payment /?? Dubai Smart Government,12,Mashreq_Main,business_registered_regular,BR,GST5,Tax Group,Yes
25-12-2024,Personal,Personal - Miscellaneous,RTA (Roads & Transport Authority),Government,Government payment /?? RTA (Roads & Transport Authority),100,Mashreq_Main,business_registered_regular,BR,GST5,Tax Group,Yes
23-12-2024,Personal,Personal - Vehicle Fuel,Emarat,Fuel Station,Vehicle fuel /?? Emarat,595.35,Mashreq_Main,business_registered_regular,BR,GST5,Tax Group,Yes
22-12-2024,Personal,Personal - Shopping & Lifestyle,Noon,Online Marketplace,Online shopping /?? Noon,2,Mashreq_Main,business_registered_regular,BR,GST5,Tax Group,Yes
22-12-2024,Personal,Personal - Shopping & Lifestyle,Noon,Online Marketplace,Online shopping /?? Noon,107.9,Mashreq_Main,business_registered_regular,BR,GST5,Tax Group,Yes
21-12-2024,Personal,Personal - Mobile & Utilities,Etisalat (e&),Telecom,Telecom / mobile bill /?? Etisalat (e&),39,Mashreq_Main,business_registered_regular,BR,GST5,Tax Group,Yes
21-12-2024,Personal,Personal - Subscriptions & Software,Amazon,Online Marketplace,Online shopping /?? Amazon,16,Mashreq_Main,business_registered_regular,BR,GST5,Tax Group,Yes
20-12-2024,Personal,Personal - Miscellaneous,Noqodi (Govt Payment Gateway),Government / Payments,Government fee payment /?? Noqodi (Govt Payment Gateway),251,Mashreq_Main,business_registered_regular,BR,GST5,Tax Group,Yes
20-12-2024,Personal,Personal - Miscellaneous,Noqodi (Govt Payment Gateway),Government / Payments,Government fee payment /?? Noqodi (Govt Payment Gateway),30,Mashreq_Main,business_registered_regular,BR,GST5,Tax Group,Yes
20-12-2024,Personal,Personal - Miscellaneous,Global Village,Leisure,Leisure/entertainment /?? Global Village,75,Mashreq_Main,business_registered_regular,BR,GST5,Tax Group,Yes
20-12-2024,Personal,Personal - Miscellaneous,Global Village,Leisure,Leisure/entertainment /?? Global Village,30,Mashreq_Main,business_registered_regular,BR,GST5,Tax Group,Yes
20-12-2024,Personal,Personal - Miscellaneous,Global Village,Leisure,Leisure/entertainment /?? Global Village,15,Mashreq_Main,business_registered_regular,BR,GST5,Tax Group,Yes
18-12-2024,Personal,Personal - Amazon Shopping,Amazon,Online Marketplace,Online shopping /?? Amazon,-62.96,Mashreq_Main,business_registered_regular,BR,GST5,Tax Group,Yes
18-12-2024,Personal,Personal - Miscellaneous,Mohd Rashid Vegetables & Fruits,Grocery,Grocery purchase /?? Mohd Rashid Vegetables & Fruits,200,Mashreq_Main,business_registered_regular,BR,GST5,Tax Group,Yes
18-12-2024,Personal,Personal - Miscellaneous,RTA (Roads & Transport Authority),Government,Government payment /?? RTA (Roads & Transport Authority),100,Mashreq_Main,business_registered_regular,BR,GST5,Tax Group,Yes
18-12-2024,Personal,Personal - Miscellaneous,RTA (Roads & Transport Authority),Government,Government payment /?? RTA (Roads & Transport Authority),50,Mashreq_Main,business_registered_regular,BR,GST5,Tax Group,Yes
17-12-2024,Personal,Personal - Amazon Shopping,Amazon,Online Marketplace,Online shopping /?? Amazon,54.35,Mashreq_Main,business_registered_regular,BR,GST5,Tax Group,Yes
17-12-2024,Personal,Personal - Amazon Shopping,Amazon,Online Marketplace,Online shopping /?? Amazon,239.65,Mashreq_Main,business_registered_regular,BR,GST5,Tax Group,Yes
17-12-2024,Personal,Personal - Amazon Shopping,Amazon,Online Marketplace,Online shopping /?? Amazon,7.8,Mashreq_Main,business_registered_regular,BR,GST5,Tax Group,Yes
16-12-2024,Personal,Personal - Amazon Shopping,Amazon,Online Marketplace,Online shopping /?? Amazon,191.33,Mashreq_Main,business_registered_regular,BR,GST5,Tax Group,Yes
16-12-2024,Personal,Personal - Amazon Shopping,Amazon,Online Marketplace,Online shopping /?? Amazon,22,Mashreq_Main,business_registered_regular,BR,GST5,Tax Group,Yes
15-12-2024,Personal,Personal - Miscellaneous,Landmark Group / Home Centre,Retail,Retail purchase /?? Landmark Group / Home Centre,73,Mashreq_Main,business_registered_regular,BR,GST5,Tax Group,Yes
14-12-2024,Personal,Personal - Miscellaneous,Silver Diamond Cafe,Restaurant,Restaurant / dining /?? Silver Diamond Cafe,19.5,Mashreq_Main,business_registered_regular,BR,GST5,Tax Group,Yes
14-12-2024,Personal,Personal - Miscellaneous,Day To Day Supermarket,Supermarket,Supermarket purchase /?? Day To Day Supermarket,169.9,Mashreq_Main,business_registered_regular,BR,GST5,Tax Group,Yes
12-12-2024,Personal,Personal - Amazon Shopping,Amazon,Online Marketplace,Online shopping /?? Amazon,16,Mashreq_Main,business_registered_regular,BR,GST5,Tax Group,Yes
12-12-2024,Personal,Personal - Miscellaneous,Landmark Group / Home Centre,Retail,Retail purchase /?? Landmark Group / Home Centre,18,Mashreq_Main,business_registered_regular,BR,GST5,Tax Group,Yes
11-12-2024,Personal,Personal - Miscellaneous,Nesto Hypermarket,Supermarket,Supermarket purchase /?? Nesto Hypermarket,9.24,Mashreq_Main,business_registered_regular,BR,GST5,Tax Group,Yes
11-12-2024,Personal,Personal - Miscellaneous,Agri Fresh Foodstuff,Grocery,Grocery purchase /?? Agri Fresh Foodstuff,24,Mashreq_Main,business_registered_regular,BR,GST5,Tax Group,Yes
11-12-2024,Personal,Personal - Miscellaneous,Anwar Al Hidayah Foodstuff,Supermarket,Supermarket purchase /?? Anwar Al Hidayah Foodstuff,221.33,Mashreq_Main,business_registered_regular,BR,GST5,Tax Group,Yes
11-12-2024,Personal,Personal - Vehicle Fuel,ADNOC,Fuel Station,Vehicle fuel /?? ADNOC,249.02,Mashreq_Main,business_registered_regular,BR,GST5,Tax Group,Yes
09-12-2024,Personal,Personal - Amazon Shopping,Amazon,Online Marketplace,Online shopping /?? Amazon,-59.14,Mashreq_Main,business_registered_regular,BR,GST5,Tax Group,Yes
09-12-2024,Personal,Personal - Miscellaneous,Nesto Hypermarket,Supermarket,Supermarket purchase /?? Nesto Hypermarket,251.91,Mashreq_Main,business_registered_regular,BR,GST5,Tax Group,Yes
08-12-2024,Personal,Personal - Amazon Shopping,Amazon,Online Marketplace,Online shopping /?? Amazon,-20,Mashreq_Main,business_registered_regular,BR,GST5,Tax Group,Yes
08-12-2024,Personal,Personal - Amazon Shopping,Amazon,Online Marketplace,Online shopping /?? Amazon,18,Mashreq_Main,business_registered_regular,BR,GST5,Tax Group,Yes
08-12-2024,Personal,Personal - Miscellaneous,Carrefour,Supermarket,Supermarket purchase /?? Carrefour,106.96,Mashreq_Main,business_registered_regular,BR,GST5,Tax Group,Yes
07-12-2024,Personal,Personal - Amazon Shopping,Amazon,Online Marketplace,Online shopping /?? Amazon,28.45,Mashreq_Main,business_registered_regular,BR,GST5,Tax Group,Yes
07-12-2024,Personal,Personal - Amazon Shopping,Amazon,Online Marketplace,Online shopping /?? Amazon,20,Mashreq_Main,business_registered_regular,BR,GST5,Tax Group,Yes
06-12-2024,Business,Mobile & Telecom - Business,Digital,Uncategorised - review,"Digital /?? uncategorised, please review",442.95,Mashreq_Main,business_registered_regular,BR,GST5,Tax Group,Yes
06-12-2024,Personal,Personal - Miscellaneous,SEWA (Sharjah Electricity & Water Authority),Utility,Utility bill /?? SEWA (Sharjah Electricity & Water Authority),974.12,Mashreq_Main,business_registered_regular,BR,GST5,Tax Group,Yes
04-12-2024,Personal,Personal - Miscellaneous,Carrefour,Supermarket,Supermarket purchase /?? Carrefour,202.93,Mashreq_Main,business_registered_regular,BR,GST5,Tax Group,Yes
03-12-2024,Personal,Personal - Shopping & Lifestyle,Noon,Online Marketplace,Online shopping /?? Noon,30.9,Mashreq_Main,business_registered_regular,BR,GST5,Tax Group,Yes
02-12-2024,Personal,Personal - Amazon Shopping,Amazon,Online Marketplace,Online shopping /?? Amazon,29.9,Mashreq_Main,business_registered_regular,BR,GST5,Tax Group,Yes
02-12-2024,Personal,Personal - Amazon Shopping,Amazon,Online Marketplace,Online shopping /?? Amazon,25.36,Mashreq_Main,business_registered_regular,BR,GST5,Tax Group,Yes
01-12-2024,Personal,Personal - Amazon Shopping,Amazon,Online Marketplace,Online shopping /?? Amazon,122.1,Mashreq_Main,business_registered_regular,BR,GST5,Tax Group,Yes
01-12-2024,Personal,Personal - Miscellaneous,Hilite Building Materials,Maintenance/Repairs,Maintenance/repairs /?? Hilite Building Materials,21,Mashreq_Main,business_registered_regular,BR,GST5,Tax Group,Yes
29-11-2024,Personal,Personal - Amazon Shopping,Amazon,Online Marketplace,Online shopping /?? Amazon,12.96,Mashreq_Main,business_registered_regular,BR,GST5,Tax Group,Yes
29-11-2024,Personal,Personal - Miscellaneous,Night Deposit (Bank Counter),Bank/Cash,Cash/bank transaction /?? Night Deposit (Bank Counter),321.06,Mashreq_Main,business_registered_regular,BR,GST5,Tax Group,Yes
29-11-2024,Personal,Personal - Vehicle Fuel,Emarat,Fuel Station,Vehicle fuel /?? Emarat,110.01,Mashreq_Main,business_registered_regular,BR,GST5,Tax Group,Yes
26-11-2024,Personal,Personal - Miscellaneous,Day To Day Supermarket,Supermarket,Supermarket purchase /?? Day To Day Supermarket,137.2,Mashreq_Main,business_registered_regular,BR,GST5,Tax Group,Yes
25-11-2024,Personal,Personal - Vehicle Fuel,Emarat,Fuel Station,Vehicle fuel /?? Emarat,110.04,Mashreq_Main,business_registered_regular,BR,GST5,Tax Group,Yes
24-11-2024,Personal,Personal - Amazon Shopping,Amazon,Online Marketplace,Online shopping /?? Amazon,43.23,Mashreq_Main,business_registered_regular,BR,GST5,Tax Group,Yes
24-11-2024,Personal,Personal - Amazon Shopping,Amazon,Online Marketplace,Online shopping /?? Amazon,63.89,Mashreq_Main,business_registered_regular,BR,GST5,Tax Group,Yes
23-11-2024,Personal,Personal - Food & Dining,Tim Hortons,Restaurant,Restaurant / dining /?? Tim Hortons,27,Mashreq_Main,business_registered_regular,BR,GST5,Tax Group,Yes
23-11-2024,Personal,Personal - Miscellaneous,Alhameidi Department Store,Retail,Retail purchase /?? Alhameidi Department Store,35,Mashreq_Main,business_registered_regular,BR,GST5,Tax Group,Yes
23-11-2024,Personal,Personal - Miscellaneous,Landmark Group / Home Centre,Retail,Retail purchase /?? Landmark Group / Home Centre,123,Mashreq_Main,business_registered_regular,BR,GST5,Tax Group,Yes
23-11-2024,Personal,Personal - Shopping & Lifestyle,Lrildubai,Uncategorised - review,"Lrildubai /?? uncategorised, please review",78.25,Mashreq_Main,business_registered_regular,BR,GST5,Tax Group,Yes
22-11-2024,Business,Mobile & Telecom - Business,Digital,Uncategorised - review,"Digital /?? uncategorised, please review",2,Mashreq_Main,business_registered_regular,BR,GST5,Tax Group,Yes
22-11-2024,Personal,Personal - Grocery & Household,Grand Hypermarket,Supermarket,Supermarket purchase /?? Grand Hypermarket,135.11,Mashreq_Main,business_registered_regular,BR,GST5,Tax Group,Yes
22-11-2024,Personal,Personal - Miscellaneous,Hassan Mohd Shahdad,Individual / Employee,Payment to individual/employee /?? Hassan Mohd Shahdad,25,Mashreq_Main,business_registered_regular,BR,GST5,Tax Group,Yes
22-11-2024,Personal,Personal - Miscellaneous,Mohd Rashid Vegetables & Fruits,Grocery,Grocery purchase /?? Mohd Rashid Vegetables & Fruits,225,Mashreq_Main,business_registered_regular,BR,GST5,Tax Group,Yes
22-11-2024,Personal,Personal - Miscellaneous,Anwar Al Hidayah Foodstuff,Supermarket,Supermarket purchase /?? Anwar Al Hidayah Foodstuff,441.74,Mashreq_Main,business_registered_regular,BR,GST5,Tax Group,Yes
21-11-2024,Personal,Personal - Miscellaneous,ABC Supermarket,Supermarket,Supermarket purchase /?? ABC Supermarket,73.5,Mashreq_Main,business_registered_regular,BR,GST5,Tax Group,Yes
21-11-2024,Personal,Personal - Subscriptions & Software,Amazon,Online Marketplace,Online shopping /?? Amazon,16,Mashreq_Main,business_registered_regular,BR,GST5,Tax Group,Yes
20-11-2024,Personal,Personal - Miscellaneous,A B Print House,Printing & Stationery,Printing & stationery /?? A B Print House,3.5,Mashreq_Main,business_registered_regular,BR,GST5,Tax Group,Yes
20-11-2024,Personal,Personal - Vehicle Fuel,Emarat,Fuel Station,Vehicle fuel /?? Emarat,100,Mashreq_Main,business_registered_regular,BR,GST5,Tax Group,Yes
17-11-2024,Personal,Personal - Amazon Shopping,Amazon,Online Marketplace,Online shopping /?? Amazon,12,Mashreq_Main,business_registered_regular,BR,GST5,Tax Group,Yes
17-11-2024,Personal,Personal - Food & Dining,VOX Cinemas,Leisure,Leisure/entertainment /?? VOX Cinemas,15.1,Mashreq_Main,business_registered_regular,BR,GST5,Tax Group,Yes
17-11-2024,Personal,Personal - Miscellaneous,Landmark Group / Home Centre,Retail,Retail purchase /?? Landmark Group / Home Centre,144.25,Mashreq_Main,business_registered_regular,BR,GST5,Tax Group,Yes
17-11-2024,Personal,Personal - Vehicle Fuel,Emarat,Fuel Station,Vehicle fuel /?? Emarat,110.01,Mashreq_Main,business_registered_regular,BR,GST5,Tax Group,Yes
16-11-2024,Personal,Personal - Amazon Shopping,Amazon,Online Marketplace,Online shopping /?? Amazon,49.91,Mashreq_Main,business_registered_regular,BR,GST5,Tax Group,Yes
16-11-2024,Personal,Personal - Miscellaneous,Day To Day Supermarket,Supermarket,Supermarket purchase /?? Day To Day Supermarket,76.83,Mashreq_Main,business_registered_regular,BR,GST5,Tax Group,Yes
16-11-2024,Personal,Personal - Miscellaneous,SEWA (Sharjah Electricity & Water Authority),Utility,Utility bill /?? SEWA (Sharjah Electricity & Water Authority),1090.21,Mashreq_Main,business_registered_regular,BR,GST5,Tax Group,Yes
16-11-2024,Personal,Personal - Miscellaneous,Dubai Smart Government,Government,Government payment /?? Dubai Smart Government,442.95,Mashreq_Main,business_registered_regular,BR,GST5,Tax Group,Yes
14-11-2024,Personal,Personal - Miscellaneous,Card Fee/EMI/VAT Adjustment,Card Adjustment,Card adjustment/refund /?? Card Fee/EMI/VAT Adjustment,2008.94,Mashreq_Main,business_registered_regular,BR,GST5,Tax Group,Yes
14-11-2024,Personal,Personal - Miscellaneous,Card Fee/EMI/VAT Adjustment,Card Adjustment,Card adjustment/refund /?? Card Fee/EMI/VAT Adjustment,387.3,Mashreq_Main,business_registered_regular,BR,GST5,Tax Group,Yes
13-11-2024,Business,Mobile & Telecom - Business,Virgin Mobile UAE,Telecom,Telecom / mobile bill /?? Virgin Mobile UAE,598.5,Mashreq_Main,business_registered_regular,BR,GST5,Tax Group,Yes
13-11-2024,Personal,Personal - Amazon Shopping,Amazon,Online Marketplace,Online shopping /?? Amazon,-24,Mashreq_Main,business_registered_regular,BR,GST5,Tax Group,Yes
13-11-2024,Personal,Personal - Amazon Shopping,Amazon,Online Marketplace,Online shopping /?? Amazon,-24,Mashreq_Main,business_registered_regular,BR,GST5,Tax Group,Yes
13-11-2024,Personal,Personal - Vehicle Fuel,ENOC/EPPCO,Fuel Station,Vehicle fuel /?? ENOC/EPPCO,95.05,Mashreq_Main,business_registered_regular,BR,GST5,Tax Group,Yes
13-11-2024,Personal,Personal - Vehicle Fuel,ENOC/EPPCO,Fuel Station,Vehicle fuel /?? ENOC/EPPCO,95.05,Mashreq_Main,business_registered_regular,BR,GST5,Tax Group,Yes
12-11-2024,Personal,Personal - Miscellaneous,Dar Alshabab Auto,Vehicle Maintenance,Vehicle maintenance/repair /?? Dar Alshabab Auto,126,Mashreq_Main,business_registered_regular,BR,GST5,Tax Group,Yes
12-11-2024,Personal,Personal - Miscellaneous,Dar Alshabab Auto,Vehicle Maintenance,Vehicle maintenance/repair /?? Dar Alshabab Auto,126,Mashreq_Main,business_registered_regular,BR,GST5,Tax Group,Yes
11-11-2024,Personal,Personal - Miscellaneous,Alhameidi Department Store,Retail,Retail purchase /?? Alhameidi Department Store,71,Mashreq_Main,business_registered_regular,BR,GST5,Tax Group,Yes
11-11-2024,Personal,Personal - Miscellaneous,Alhameidi Department Store,Retail,Retail purchase /?? Alhameidi Department Store,71,Mashreq_Main,business_registered_regular,BR,GST5,Tax Group,Yes
11-11-2024,Personal,Personal - Subscriptions & Software,Amazon,Online Marketplace,Online shopping /?? Amazon,16,Mashreq_Main,business_registered_regular,BR,GST5,Tax Group,Yes
11-11-2024,Personal,Personal - Vehicle Fuel,ENOC/EPPCO,Fuel Station,Vehicle fuel /?? ENOC/EPPCO,111.48,Mashreq_Main,business_registered_regular,BR,GST5,Tax Group,Yes
11-11-2024,Personal,Personal - Vehicle Fuel,ENOC/EPPCO,Fuel Station,Vehicle fuel /?? ENOC/EPPCO,111.48,Mashreq_Main,business_registered_regular,BR,GST5,Tax Group,Yes
10-11-2024,Personal,Personal - Miscellaneous,Payment Petrofax (Bank Counter),Bank/Cash,Cash/bank transaction /?? Payment Petrofax (Bank Counter),0,Mashreq_Main,business_registered_regular,BR,GST5,Tax Group,Yes
10-11-2024,Personal,Personal - Miscellaneous,Payment Petrofax (Bank Counter),Bank/Cash,Cash/bank transaction /?? Payment Petrofax (Bank Counter),0,Mashreq_Main,business_registered_regular,BR,GST5,Tax Group,Yes
10-11-2024,Personal,Personal - Miscellaneous,A B Print House,Printing & Stationery,Printing & stationery /?? A B Print House,3.5,Mashreq_Main,business_registered_regular,BR,GST5,Tax Group,Yes
10-11-2024,Personal,Personal - Miscellaneous,A B Print House,Printing & Stationery,Printing & stationery /?? A B Print House,3.5,Mashreq_Main,business_registered_regular,BR,GST5,Tax Group,Yes
09-11-2024,Personal,Personal - Vehicle Fuel,ADNOC,Fuel Station,Vehicle fuel /?? ADNOC,100,Mashreq_Main,business_registered_regular,BR,GST5,Tax Group,Yes
08-11-2024,Personal,Personal - Miscellaneous,A B Print House,Printing & Stationery,Printing & stationery /?? A B Print House,14,Mashreq_Main,business_registered_regular,BR,GST5,Tax Group,Yes
08-11-2024,Personal,Personal - Miscellaneous,A B Print House,Printing & Stationery,Printing & stationery /?? A B Print House,14,Mashreq_Main,business_registered_regular,BR,GST5,Tax Group,Yes
07-11-2024,Personal,Personal - Medical & Pharmacy,Golden Life Pharmacy,Pharmacy,Pharmacy purchase /?? Golden Life Pharmacy,50.5,Mashreq_Main,business_registered_regular,BR,GST5,Tax Group,Yes
07-11-2024,Personal,Personal - Vehicle Fuel,Emarat,Fuel Station,Vehicle fuel /?? Emarat,96.01,Mashreq_Main,business_registered_regular,BR,GST5,Tax Group,Yes
07-11-2024,Personal,Personal - Vehicle Fuel,Emarat,Fuel Station,Vehicle fuel /?? Emarat,96.01,Mashreq_Main,business_registered_regular,BR,GST5,Tax Group,Yes
06-11-2024,Business,Mobile & Telecom - Business,Virgin Mobile UAE,Telecom,Telecom / mobile bill /?? Virgin Mobile UAE,554.4,Mashreq_Main,business_registered_regular,BR,GST5,Tax Group,Yes
06-11-2024,Personal,Personal - Miscellaneous,Marwan Saeed Auto Care,Vehicle Maintenance,Vehicle maintenance/repair /?? Marwan Saeed Auto Care,15.75,Mashreq_Main,business_registered_regular,BR,GST5,Tax Group,Yes
06-11-2024,Personal,Personal - Miscellaneous,Marwan Saeed Auto Care,Vehicle Maintenance,Vehicle maintenance/repair /?? Marwan Saeed Auto Care,15.75,Mashreq_Main,business_registered_regular,BR,GST5,Tax Group,Yes
05-11-2024,Business,Mobile & Telecom - Business,Digital,Uncategorised - review,"Digital /?? uncategorised, please review",853.99,Mashreq_Main,business_registered_regular,BR,GST5,Tax Group,Yes
05-11-2024,Business,Mobile & Telecom - Business,Digital,Uncategorised - review,"Digital /?? uncategorised, please review",442.95,Mashreq_Main,business_registered_regular,BR,GST5,Tax Group,Yes
05-11-2024,Personal,Personal - Grocery & Household,Nesto Hypermarket,Supermarket,Supermarket purchase /?? Nesto Hypermarket,24.87,Mashreq_Main,business_registered_regular,BR,GST5,Tax Group,Yes
05-11-2024,Personal,Personal - Grocery & Household,Nesto Hypermarket,Supermarket,Supermarket purchase /?? Nesto Hypermarket,98.23,Mashreq_Main,business_registered_regular,BR,GST5,Tax Group,Yes
05-11-2024,Personal,Personal - Medical & Pharmacy,Life Pharmacy,Pharmacy,Pharmacy purchase /?? Life Pharmacy,77.05,Mashreq_Main,business_registered_regular,BR,GST5,Tax Group,Yes
04-11-2024,Personal,Personal - Grocery & Household,Grand Hypermarket,Supermarket,Supermarket purchase /?? Grand Hypermarket,202.83,Mashreq_Main,business_registered_regular,BR,GST5,Tax Group,Yes
04-11-2024,Personal,Personal - Grocery & Household,Mohd Rashid Vegetables & Fruits,Grocery,Grocery purchase /?? Mohd Rashid Vegetables & Fruits,125,Mashreq_Main,business_registered_regular,BR,GST5,Tax Group,Yes
04-11-2024,Personal,Personal - Vehicle Fuel,Emarat,Fuel Station,Vehicle fuel /?? Emarat,100,Mashreq_Main,business_registered_regular,BR,GST5,Tax Group,Yes
04-11-2024,Personal,Personal - Vehicle Fuel,Emarat,Fuel Station,Vehicle fuel /?? Emarat,100,Mashreq_Main,business_registered_regular,BR,GST5,Tax Group,Yes
03-11-2024,Personal,Personal - Miscellaneous,Fine Tools Equipment & Trading,Tools & Equipment,Tools & equipment purchase /?? Fine Tools Equipment & Trading,267,Mashreq_Main,business_registered_regular,BR,GST5,Tax Group,Yes
03-11-2024,Personal,Personal - Miscellaneous,Fine Tools Equipment & Trading,Tools & Equipment,Tools & equipment purchase /?? Fine Tools Equipment & Trading,267,Mashreq_Main,business_registered_regular,BR,GST5,Tax Group,Yes
01-11-2024,Personal,Personal - Shopping & Lifestyle,Al Taqdeer Smoking,Retail,Retail purchase /?? Al Taqdeer Smoking,60,Mashreq_Main,business_registered_regular,BR,GST5,Tax Group,Yes
01-11-2024,Personal,Personal - Vehicle Fuel,Emarat,Fuel Station,Vehicle fuel /?? Emarat,145,Mashreq_Main,business_registered_regular,BR,GST5,Tax Group,Yes
01-11-2024,Personal,Personal - Vehicle Fuel,Emarat,Fuel Station,Vehicle fuel /?? Emarat,145,Mashreq_Main,business_registered_regular,BR,GST5,Tax Group,Yes
01-11-2024,Business,Software Subscriptions - Business,Google,Software/Cloud,Software/cloud subscription /?? Google,28.72,Mashreq_Main,business_registered_regular,BR,GST5,Tax Group,Yes
31-10-2024,Personal,Personal - Food & Dining,Bikaner Restaurant,Restaurant,Restaurant / dining /?? Bikaner Restaurant,70,Mashreq_Main,business_registered_regular,BR,GST5,Tax Group,Yes
31-10-2024,Personal,Personal - Food & Dining,Bikaner Restaurant,Restaurant,Restaurant / dining /?? Bikaner Restaurant,55,Mashreq_Main,business_registered_regular,BR,GST5,Tax Group,Yes
31-10-2024,Personal,Personal - Grocery & Household,Souq Al Tawabel,Grocery,Grocery purchase /?? Souq Al Tawabel,10.75,Mashreq_Main,business_registered_regular,BR,GST5,Tax Group,Yes
31-10-2024,Personal,Personal - Grocery & Household,Perumal Stores,Supermarket,Supermarket purchase /?? Perumal Stores,18,Mashreq_Main,business_registered_regular,BR,GST5,Tax Group,Yes
31-10-2024,Personal,Personal - Grocery & Household,Green Leaf Food Stuff,Grocery,Grocery purchase /?? Green Leaf Food Stuff,2,Mashreq_Main,business_registered_regular,BR,GST5,Tax Group,Yes
30-10-2024,Personal,Personal - Food & Dining,Bikanervala,Restaurant,Restaurant / dining /?? Bikanervala,264,Mashreq_Main,business_registered_regular,BR,GST5,Tax Group,Yes
30-10-2024,Personal,Personal - Vehicle Fuel,ADNOC,Fuel Station,Vehicle fuel /?? ADNOC,100,Mashreq_Main,business_registered_regular,BR,GST5,Tax Group,Yes
29-10-2024,Personal,Personal - Grocery & Household,Nesto Hypermarket,Supermarket,Supermarket purchase /?? Nesto Hypermarket,129.57,Mashreq_Main,business_registered_regular,BR,GST5,Tax Group,Yes
29-10-2024,Personal,Personal - Miscellaneous,Dubai Smart Government,Government,Government payment /?? Dubai Smart Government,2,Mashreq_Main,business_registered_regular,BR,GST5,Tax Group,Yes
29-10-2024,Personal,Personal - Shopping & Lifestyle,IKEA,Retail,Retail purchase /?? IKEA,10,Mashreq_Main,business_registered_regular,BR,GST5,Tax Group,Yes
29-10-2024,Personal,Personal - Shopping & Lifestyle,IKEA,Retail,Retail purchase /?? IKEA,19.85,Mashreq_Main,business_registered_regular,BR,GST5,Tax Group,Yes
28-10-2024,Personal,Personal - Miscellaneous,Dubai Smart Government,Government,Government payment /?? Dubai Smart Government,2,Mashreq_Main,business_registered_regular,BR,GST5,Tax Group,Yes
28-10-2024,Personal,Personal - Miscellaneous,Grace Link Conferences,Business Services,Business services /?? Grace Link Conferences,3,Mashreq_Main,business_registered_regular,BR,GST5,Tax Group,Yes
28-10-2024,Personal,Personal - Miscellaneous,Grace Link Conferences,Business Services,Business services /?? Grace Link Conferences,3,Mashreq_Main,business_registered_regular,BR,GST5,Tax Group,Yes
28-10-2024,Personal,Personal - Travel & Conveyance,Zone Tourism,Travel Agency,Travel booking /?? Zone Tourism,773,Mashreq_Main,business_registered_regular,BR,GST5,Tax Group,Yes
28-10-2024,Personal,Personal - Travel & Conveyance,Zone Tourism,Travel Agency,Travel booking /?? Zone Tourism,1339,Mashreq_Main,business_registered_regular,BR,GST5,Tax Group,Yes
28-10-2024,Personal,Personal - Travel & Conveyance,Zone Tourism,Travel Agency,Travel booking /?? Zone Tourism,773,Mashreq_Main,business_registered_regular,BR,GST5,Tax Group,Yes
28-10-2024,Personal,Personal - Travel & Conveyance,Zone Tourism,Travel Agency,Travel booking /?? Zone Tourism,1339,Mashreq_Main,business_registered_regular,BR,GST5,Tax Group,Yes
28-10-2024,Personal,Personal - Vehicle Fuel,Emarat,Fuel Station,Vehicle fuel /?? Emarat,105.04,Mashreq_Main,business_registered_regular,BR,GST5,Tax Group,Yes
28-10-2024,Personal,Personal - Vehicle Fuel,Emarat,Fuel Station,Vehicle fuel /?? Emarat,105.04,Mashreq_Main,business_registered_regular,BR,GST5,Tax Group,Yes
27-10-2024,Business,Electricity - Business Premises,Dubai Smart Government,Government,Government payment /?? Dubai Smart Government,100,Mashreq_Main,business_registered_regular,BR,GST5,Tax Group,Yes
23-10-2024,Personal,Personal - Vehicle Fuel,Emarat,Fuel Station,Vehicle fuel /?? Emarat,110.07,Mashreq_Main,business_registered_regular,BR,GST5,Tax Group,Yes
23-10-2024,Personal,Personal - Vehicle Fuel,Emarat,Fuel Station,Vehicle fuel /?? Emarat,110.07,Mashreq_Main,business_registered_regular,BR,GST5,Tax Group,Yes
22-10-2024,Personal,Personal - Miscellaneous,ABC Supermarket,Supermarket,Supermarket purchase /?? ABC Supermarket,61.5,Mashreq_Main,business_registered_regular,BR,GST5,Tax Group,Yes
22-10-2024,Personal,Personal - Miscellaneous,ABC Supermarket,Supermarket,Supermarket purchase /?? ABC Supermarket,61.5,Mashreq_Main,business_registered_regular,BR,GST5,Tax Group,Yes
21-10-2024,Personal,Personal - Grocery & Household,Nesto Hypermarket,Supermarket,Supermarket purchase /?? Nesto Hypermarket,94.34,Mashreq_Main,business_registered_regular,BR,GST5,Tax Group,Yes
21-10-2024,Personal,Personal - Subscriptions & Software,Amazon,Online Marketplace,Online shopping /?? Amazon,16,Mashreq_Main,business_registered_regular,BR,GST5,Tax Group,Yes
20-10-2024,Business,Mobile & Telecom - Business,Virgin Mobile UAE,Telecom,Telecom / mobile bill /?? Virgin Mobile UAE,554.4,Mashreq_Main,business_registered_regular,BR,GST5,Tax Group,Yes
20-10-2024,Personal,Personal - Shopping & Lifestyle,Qamar Al Zaman Beauty,Salon/Beauty,Salon/beauty service /?? Qamar Al Zaman Beauty,53,Mashreq_Main,business_registered_regular,BR,GST5,Tax Group,Yes
18-10-2024,Personal,Personal - Vehicle Fuel,Emarat,Fuel Station,Vehicle fuel /?? Emarat,105.87,Mashreq_Main,business_registered_regular,BR,GST5,Tax Group,Yes
18-10-2024,Personal,Personal - Vehicle Fuel,Emarat,Fuel Station,Vehicle fuel /?? Emarat,105.87,Mashreq_Main,business_registered_regular,BR,GST5,Tax Group,Yes
17-10-2024,Personal,Personal - Miscellaneous,Alhameidi Department Store,Retail,Retail purchase /?? Alhameidi Department Store,55,Mashreq_Main,business_registered_regular,BR,GST5,Tax Group,Yes
17-10-2024,Personal,Personal - Miscellaneous,Alhameidi Department Store,Retail,Retail purchase /?? Alhameidi Department Store,55,Mashreq_Main,business_registered_regular,BR,GST5,Tax Group,Yes
16-10-2024,Personal,Personal - Shopping & Lifestyle,Gazi Gents Salon,Salon/Beauty,Salon/beauty service /?? Gazi Gents Salon,5,Mashreq_Main,business_registered_regular,BR,GST5,Tax Group,Yes
16-10-2024,Personal,Personal - Vehicle Fuel,Emarat,Fuel Station,Vehicle fuel /?? Emarat,235.03,Mashreq_Main,business_registered_regular,BR,GST5,Tax Group,Yes
15-10-2024,Personal,Personal - Grocery & Household,Mohd Rashid Vegetables & Fruits,Grocery,Grocery purchase /?? Mohd Rashid Vegetables & Fruits,115,Mashreq_Main,business_registered_regular,BR,GST5,Tax Group,Yes
15-10-2024,Personal,Personal - Miscellaneous,Bait Al Halabi,Restaurant/Confectionery,Restaurant/confectionery /?? Bait Al Halabi,15,Mashreq_Main,business_registered_regular,BR,GST5,Tax Group,Yes
15-10-2024,Personal,Personal - Shopping & Lifestyle,Al Taqdeer Smoking,Retail,Retail purchase /?? Al Taqdeer Smoking,30,Mashreq_Main,business_registered_regular,BR,GST5,Tax Group,Yes
15-10-2024,Personal,Personal - Vehicle Fuel,Emarat,Fuel Station,Vehicle fuel /?? Emarat,113.85,Mashreq_Main,business_registered_regular,BR,GST5,Tax Group,Yes
15-10-2024,Personal,Personal - Vehicle Fuel,Emarat,Fuel Station,Vehicle fuel /?? Emarat,113.85,Mashreq_Main,business_registered_regular,BR,GST5,Tax Group,Yes
14-10-2024,Personal,Personal - Miscellaneous,Card Fee/EMI/VAT Adjustment,Card Adjustment,Card adjustment/refund /?? Card Fee/EMI/VAT Adjustment,382.73,Mashreq_Main,business_registered_regular,BR,GST5,Tax Group,Yes
14-10-2024,Personal,Personal - Miscellaneous,Card Fee/EMI/VAT Adjustment,Card Adjustment,Card adjustment/refund /?? Card Fee/EMI/VAT Adjustment,262.5,Mashreq_Main,business_registered_regular,BR,GST5,Tax Group,Yes
14-10-2024,Personal,Personal - Miscellaneous,Card Fee/EMI/VAT Adjustment,Card Adjustment,Card adjustment/refund /?? Card Fee/EMI/VAT Adjustment,2008.94,Mashreq_Main,business_registered_regular,BR,GST5,Tax Group,Yes
14-10-2024,Personal,Personal - Miscellaneous,Card Fee/EMI/VAT Adjustment,Card Adjustment,Card adjustment/refund /?? Card Fee/EMI/VAT Adjustment,387.29,Mashreq_Main,business_registered_regular,BR,GST5,Tax Group,Yes
14-10-2024,Personal,Personal - Shopping & Lifestyle,Deqa Al Sourah Studio,Salon/Beauty,Salon/beauty service /?? Deqa Al Sourah Studio,25,Mashreq_Main,business_registered_regular,BR,GST5,Tax Group,Yes
13-10-2024,Personal,Personal - Miscellaneous,A B Print House,Printing & Stationery,Printing & stationery /?? A B Print House,3,Mashreq_Main,business_registered_regular,BR,GST5,Tax Group,Yes
13-10-2024,Personal,Personal - Miscellaneous,A B Print House,Printing & Stationery,Printing & stationery /?? A B Print House,3,Mashreq_Main,business_registered_regular,BR,GST5,Tax Group,Yes
11-10-2024,Personal,Personal - Subscriptions & Software,Amazon,Online Marketplace,Online shopping /?? Amazon,16,Mashreq_Main,business_registered_regular,BR,GST5,Tax Group,Yes
10-10-2024,Business,Electricity - Business Premises,Dubai Smart Government,Government,Government payment /?? Dubai Smart Government,442.95,Mashreq_Main,business_registered_regular,BR,GST5,Tax Group,Yes
10-10-2024,Personal,Personal - Grocery & Household,Nesto Hypermarket,Supermarket,Supermarket purchase /?? Nesto Hypermarket,538.71,Mashreq_Main,business_registered_regular,BR,GST5,Tax Group,Yes
10-10-2024,Personal,Personal - Vehicle Fuel,ENOC/EPPCO,Fuel Station,Vehicle fuel /?? ENOC/EPPCO,113,Mashreq_Main,business_registered_regular,BR,GST5,Tax Group,Yes
09-10-2024,Personal,Personal - Miscellaneous,Payment Al Quoz Branch (Bank Counter),Bank/Cash,Cash/bank transaction /?? Payment Al Quoz Branch (Bank Counter),0,Mashreq_Main,business_registered_regular,BR,GST5,Tax Group,Yes
08-10-2024,Business,Electricity - Business Premises,Dubai Smart Government,Government,Government payment /?? Dubai Smart Government,10,Mashreq_Main,business_registered_regular,BR,GST5,Tax Group,Yes
08-10-2024,Business,Mobile & Telecom - Business,Virgin Mobile UAE,Telecom,Telecom / mobile bill /?? Virgin Mobile UAE,50,Mashreq_Main,business_registered_regular,BR,GST5,Tax Group,Yes
08-10-2024,Personal,Personal - Medical & Pharmacy,Salah Din Medical Fitness,Medical,Medical expense /?? Salah Din Medical Fitness,78.14,Mashreq_Main,business_registered_regular,BR,GST5,Tax Group,Yes
08-10-2024,Personal,Personal - Shopping & Lifestyle,Alhameidi Department Store,Retail,Retail purchase /?? Alhameidi Department Store,45,Mashreq_Main,business_registered_regular,BR,GST5,Tax Group,Yes
08-10-2024,Personal,Personal - Vehicle Fuel,ENOC/EPPCO,Fuel Station,Vehicle fuel /?? ENOC/EPPCO,115.01,Mashreq_Main,business_registered_regular,BR,GST5,Tax Group,Yes
08-10-2024,Business,Printing & Stationery,Rapid Pro Typing Services,Printing & Stationery,Printing & stationery /?? Rapid Pro Typing Services,261.86,Mashreq_Main,business_registered_regular,BR,GST5,Tax Group,Yes
08-10-2024,Business,Printing & Stationery,A B Print House,Printing & Stationery,Printing & stationery /?? A B Print House,7.26,Mashreq_Main,business_registered_regular,BR,GST5,Tax Group,Yes
07-10-2024,Personal,Personal - Grocery & Household,NowNow (Talabat Grocery),Food Delivery,Food delivery /?? NowNow (Talabat Grocery),151.75,Mashreq_Main,business_registered_regular,BR,GST5,Tax Group,Yes
07-10-2024,Personal,Personal - Medical & Pharmacy,Vet Plus Vet Center,Medical - Veterinary,Veterinary expense /?? Vet Plus Vet Center,1497.25,Mashreq_Main,business_registered_regular,BR,GST5,Tax Group,Yes
06-10-2024,Business,Miscellaneous Business Expenses,Alhind & Middle East Exchange,Money Exchange,Currency exchange /?? Alhind & Middle East Exchange,548.11,Mashreq_Main,business_registered_regular,BR,GST5,Tax Group,Yes
06-10-2024,Business,Mobile & Telecom - Business,Digital,Uncategorised - review,"Digital /?? uncategorised, please review",1161.88,Mashreq_Main,business_registered_regular,BR,GST5,Tax Group,Yes
06-10-2024,Personal,Personal - Miscellaneous,Federal Tax Authority (FTA),Government / VAT,VAT payment /?? Federal Tax Authority (FTA),6026.82,Mashreq_Main,business_registered_regular,BR,GST5,Tax Group,Yes
06-10-2024,Personal,Personal - Miscellaneous,Federal Tax Authority (FTA),Government / VAT,VAT payment /?? Federal Tax Authority (FTA),6026.82,Mashreq_Main,business_registered_regular,BR,GST5,Tax Group,Yes
05-10-2024,Business,Miscellaneous Business Expenses,Alhind & Middle East Exchange,Money Exchange,Currency exchange /?? Alhind & Middle East Exchange,1330.78,Mashreq_Main,business_registered_regular,BR,GST5,Tax Group,Yes
05-10-2024,Personal,Personal - Vehicle Fuel,ENOC/EPPCO,Fuel Station,Vehicle fuel /?? ENOC/EPPCO,105,Mashreq_Main,business_registered_regular,BR,GST5,Tax Group,Yes
04-10-2024,Personal,Personal - Shopping & Lifestyle,Groupon,Retail - Online,Online retail purchase /?? Groupon,68.68,Mashreq_Main,business_registered_regular,BR,GST5,Tax Group,Yes
04-10-2024,Personal,Personal - Vehicle Maintenance,Fine Tools Equipment & Trading,Tools & Equipment,Tools & equipment purchase /?? Fine Tools Equipment & Trading,450,Mashreq_Main,business_registered_regular,BR,GST5,Tax Group,Yes
03-10-2024,Business,Electricity - Business Premises,Dubai Smart Government,Government,Government payment /?? Dubai Smart Government,50,Mashreq_Main,business_registered_regular,BR,GST5,Tax Group,Yes
03-10-2024,Personal,Personal - Shopping & Lifestyle,Alhameidi Department Store,Retail,Retail purchase /?? Alhameidi Department Store,45,Mashreq_Main,business_registered_regular,BR,GST5,Tax Group,Yes
03-10-2024,Personal,Personal - Travel & Conveyance,Dubai Taxi,Transport,Transport/taxi /?? Dubai Taxi,92.5,Mashreq_Main,business_registered_regular,BR,GST5,Tax Group,Yes
03-10-2024,Personal,Personal - Travel & Conveyance,Dubai Duty Free,Travel/Retail,Travel/retail purchase /?? Dubai Duty Free,491.07,Mashreq_Main,business_registered_regular,BR,GST5,Tax Group,Yes
03-10-2024,Personal,Personal - Vehicle Fuel,ENOC/EPPCO,Fuel Station,Vehicle fuel /?? ENOC/EPPCO,97.87,Mashreq_Main,business_registered_regular,BR,GST5,Tax Group,Yes
01-10-2024,Personal,Personal - Vehicle Fuel,ENOC/EPPCO,Fuel Station,Vehicle fuel /?? ENOC/EPPCO,95.17,Mashreq_Main,business_registered_regular,BR,GST5,Tax Group,Yes
01-10-2024,Business,Software Subscriptions - Business,Google,Software/Cloud,Software/cloud subscription /?? Google,29.57,Mashreq_Main,business_registered_regular,BR,GST5,Tax Group,Yes
29-09-2024,Personal,Personal - Vehicle Fuel,ENOC/EPPCO,Fuel Station,Vehicle fuel /?? ENOC/EPPCO,115.84,Mashreq_Main,business_registered_regular,BR,GST5,Tax Group,Yes
26-09-2024,Personal,Personal - Vehicle Fuel,ENOC/EPPCO,Fuel Station,Vehicle fuel /?? ENOC/EPPCO,113.03,Mashreq_Main,business_registered_regular,BR,GST5,Tax Group,Yes
25-09-2024,Business,Mobile & Telecom - Business,Virgin Mobile UAE,Telecom,Telecom / mobile bill /?? Virgin Mobile UAE,50,Mashreq_Main,business_registered_regular,BR,GST5,Tax Group,Yes
25-09-2024,Personal,Personal - Miscellaneous,Inward IPP Credit (Instant Payment),Bank Transfer,Bank transfer /?? Inward IPP Credit (Instant Payment),-6026.82,Mashreq_Main,business_registered_regular,BR,GST5,Tax Group,Yes
25-09-2024,Business,Vat Payment To Fta,Federal Tax Authority (FTA),Government / VAT,VAT payment /?? Federal Tax Authority (FTA),6026.82,Mashreq_Main,business_registered_regular,BR,GST5,Tax Group,Yes
24-09-2024,Personal,Personal - Vehicle Fuel,ENOC/EPPCO,Fuel Station,Vehicle fuel /?? ENOC/EPPCO,136,Mashreq_Main,business_registered_regular,BR,GST5,Tax Group,Yes
23-09-2024,Business,Mobile & Telecom - Business,Virgin Mobile UAE,Telecom,Telecom / mobile bill /?? Virgin Mobile UAE,50,Mashreq_Main,business_registered_regular,BR,GST5,Tax Group,Yes
23-09-2024,Business,Mobile & Telecom - Business,Digital,Uncategorised - review,"Digital /?? uncategorised, please review",1161.88,Mashreq_Main,business_registered_regular,BR,GST5,Tax Group,Yes
22-09-2024,Personal,Personal - Grocery & Household,ABC Supermarket,Supermarket,Supermarket purchase /?? ABC Supermarket,97.5,Mashreq_Main,business_registered_regular,BR,GST5,Tax Group,Yes
22-09-2024,Personal,Personal - Vehicle Fuel,ENOC/EPPCO,Fuel Station,Vehicle fuel /?? ENOC/EPPCO,125.02,Mashreq_Main,business_registered_regular,BR,GST5,Tax Group,Yes
21-09-2024,Personal,Personal - Travel & Conveyance,Dubai Duty Free,Travel/Retail,Travel/retail purchase /?? Dubai Duty Free,102,Mashreq_Main,business_registered_regular,BR,GST5,Tax Group,Yes
21-09-2024,Personal,Personal - Travel & Conveyance,Dubai Duty Free,Travel/Retail,Travel/retail purchase /?? Dubai Duty Free,150,Mashreq_Main,business_registered_regular,BR,GST5,Tax Group,Yes
20-09-2024,Business,Electricity - Business Premises,Dubai Smart Government,Government,Government payment /?? Dubai Smart Government,50,Mashreq_Main,business_registered_regular,BR,GST5,Tax Group,Yes
19-09-2024,Personal,Personal - Air Travel,Air India,Airline,Air travel booking /?? Air India,355,Mashreq_Main,business_registered_regular,BR,GST5,Tax Group,Yes
19-09-2024,Personal,Personal - Vehicle Fuel,ADNOC,Fuel Station,Vehicle fuel /?? ADNOC,110,Mashreq_Main,business_registered_regular,BR,GST5,Tax Group,Yes
19-09-2024,Personal,Personal - Vehicle Maintenance,Fine Tools Equipment & Trading,Tools & Equipment,Tools & equipment purchase /?? Fine Tools Equipment & Trading,80,Mashreq_Main,business_registered_regular,BR,GST5,Tax Group,Yes
18-09-2024,Personal,Personal - Vehicle Fuel,ADNOC,Fuel Station,Vehicle fuel /?? ADNOC,110.03,Mashreq_Main,business_registered_regular,BR,GST5,Tax Group,Yes
17-09-2024,Business,General Maintenance & Repairs,Laspinas Building Materials,Maintenance/Repairs,Maintenance/repairs /?? Laspinas Building Materials,113.4,Mashreq_Main,business_registered_regular,BR,GST5,Tax Group,Yes
16-09-2024,Personal,Personal - Vehicle Fuel,ADNOC,Fuel Station,Vehicle fuel /?? ADNOC,120,Mashreq_Main,business_registered_regular,BR,GST5,Tax Group,Yes
15-09-2024,Personal,Personal - Shopping & Lifestyle,Alhameidi Department Store,Retail,Retail purchase /?? Alhameidi Department Store,94,Mashreq_Main,business_registered_regular,BR,GST5,Tax Group,Yes
14-09-2024,Personal,Personal - Miscellaneous,Card Fee/EMI/VAT Adjustment,Card Adjustment,Card adjustment/refund /?? Card Fee/EMI/VAT Adjustment,382.72,Mashreq_Main,business_registered_regular,BR,GST5,Tax Group,Yes
14-09-2024,Personal,Personal - Miscellaneous,Card Fee/EMI/VAT Adjustment,Card Adjustment,Card adjustment/refund /?? Card Fee/EMI/VAT Adjustment,262.5,Mashreq_Main,business_registered_regular,BR,GST5,Tax Group,Yes
14-09-2024,Personal,Personal - Travel & Conveyance,Sharjah Taxi,Transport,Transport/taxi /?? Sharjah Taxi,15.5,Mashreq_Main,business_registered_regular,BR,GST5,Tax Group,Yes
13-09-2024,Personal,Personal - Vehicle Maintenance,Tyre Shop (Al Qouz/Al Taqdeer/Rukn Al Sahil),Vehicle Maintenance,Vehicle maintenance/repair /?? Tyre Shop (Al Qouz/Al Taqdeer/Rukn Al Sahil),90,Mashreq_Main,business_registered_regular,BR,GST5,Tax Group,Yes
12-09-2024,Personal,Personal - Amazon Shopping,Amazon,Online Marketplace,Online shopping /?? Amazon,14.18,Mashreq_Main,business_registered_regular,BR,GST5,Tax Group,Yes
12-09-2024,Personal,Personal - Vehicle Fuel,ADNOC,Fuel Station,Vehicle fuel /?? ADNOC,105,Mashreq_Main,business_registered_regular,BR,GST5,Tax Group,Yes
11-09-2024,Business,Electricity - Business Premises,Dubai Smart Government,Government,Government payment /?? Dubai Smart Government,444.22,Mashreq_Main,business_registered_regular,BR,GST5,Tax Group,Yes
11-09-2024,Personal,Personal - Miscellaneous,A B Print House,Printing & Stationery,Printing & stationery /?? A B Print House,8.01,Mashreq_Main,business_registered_regular,BR,GST5,Tax Group,Yes
11-09-2024,Personal,Personal - Subscriptions & Software,Amazon,Online Marketplace,Online shopping /?? Amazon,16,Mashreq_Main,business_registered_regular,BR,GST5,Tax Group,Yes
10-09-2024,Personal,Personal - Vehicle Fuel,ADNOC,Fuel Station,Vehicle fuel /?? ADNOC,120.12,Mashreq_Main,business_registered_regular,BR,GST5,Tax Group,Yes
10-09-2024,Personal,Personal - Vehicle Maintenance,Premium Quality Auto,Vehicle Maintenance,Vehicle maintenance/repair /?? Premium Quality Auto,78,Mashreq_Main,business_registered_regular,BR,GST5,Tax Group,Yes
09-09-2024,Personal,Personal - Miscellaneous,Payment Al Quoz Branch (Bank Counter),Bank/Cash,Cash/bank transaction /?? Payment Al Quoz Branch (Bank Counter),0,Mashreq_Main,business_registered_regular,BR,GST5,Tax Group,Yes
07-09-2024,Personal,Personal - Vehicle Fuel,ENOC/EPPCO,Fuel Station,Vehicle fuel /?? ENOC/EPPCO,125.88,Mashreq_Main,business_registered_regular,BR,GST5,Tax Group,Yes
05-09-2024,Personal,Personal - Vehicle Fuel,ENOC/EPPCO,Fuel Station,Vehicle fuel /?? ENOC/EPPCO,125.04,Mashreq_Main,business_registered_regular,BR,GST5,Tax Group,Yes
02-09-2024,Personal,Personal - Shopping & Lifestyle,Al Taqdeer Smoking,Retail,Retail purchase /?? Al Taqdeer Smoking,60,Mashreq_Main,business_registered_regular,BR,GST5,Tax Group,Yes
02-09-2024,Personal,Personal - Vehicle Fuel,ADNOC,Fuel Station,Vehicle fuel /?? ADNOC,119.1,Mashreq_Main,business_registered_regular,BR,GST5,Tax Group,Yes
01-09-2024,Business,Software Subscriptions - Business,Google,Software/Cloud,Software/cloud subscription /?? Google,29.27,Mashreq_Main,business_registered_regular,BR,GST5,Tax Group,Yes
31-08-2024,Personal,Personal - Home Electricity,SEWA (Sharjah Electricity & Water Authority),Utility,Utility bill /?? SEWA (Sharjah Electricity & Water Authority),1738.46,Mashreq_Main,business_registered_regular,BR,GST5,Tax Group,Yes
30-08-2024,Personal,Personal - Vehicle Fuel,ENOC/EPPCO,Fuel Station,Vehicle fuel /?? ENOC/EPPCO,140.02,Mashreq_Main,business_registered_regular,BR,GST5,Tax Group,Yes
29-08-2024,Business,Licensing & Government Fees,ICP Smart Services (Federal Authority),Government,Government payment /?? ICP Smart Services (Federal Authority),3422.74,Mashreq_Main,business_registered_regular,BR,GST5,Tax Group,Yes
28-08-2024,Personal,Personal - Vehicle Maintenance,Al Kanary Car,Vehicle Maintenance,Vehicle maintenance/repair /?? Al Kanary Car,230,Mashreq_Main,business_registered_regular,BR,GST5,Tax Group,Yes
27-08-2024,Personal,Personal - Vehicle Fuel,ENOC/EPPCO,Fuel Station,Vehicle fuel /?? ENOC/EPPCO,119.6,Mashreq_Main,business_registered_regular,BR,GST5,Tax Group,Yes
27-08-2024,Personal,Personal - Vehicle Maintenance,Fine Tools Equipment & Trading,Tools & Equipment,Tools & equipment purchase /?? Fine Tools Equipment & Trading,110,Mashreq_Main,business_registered_regular,BR,GST5,Tax Group,Yes
25-08-2024,Personal,Personal - Medical & Pharmacy,Ministry of Foreign Affairs,Government,Government payment /?? Ministry of Foreign Affairs,192.7,Mashreq_Main,business_registered_regular,BR,GST5,Tax Group,Yes
25-08-2024,Personal,Personal - Shopping & Lifestyle,Noon,Online Marketplace,Online shopping /?? Noon,62.7,Mashreq_Main,business_registered_regular,BR,GST5,Tax Group,Yes
25-08-2024,Personal,Personal - Vehicle Fuel,ADNOC,Fuel Station,Vehicle fuel /?? ADNOC,135.04,Mashreq_Main,business_registered_regular,BR,GST5,Tax Group,Yes
22-08-2024,Personal,Personal - Amazon Shopping,Amazon,Online Marketplace,Online shopping /?? Amazon,27.44,Mashreq_Main,business_registered_regular,BR,GST5,Tax Group,Yes
22-08-2024,Personal,Personal - Grocery & Household,Masafi,Grocery/Water,Grocery/drinking water /?? Masafi,600,Mashreq_Main,business_registered_regular,BR,GST5,Tax Group,Yes
22-08-2024,Personal,Personal - Vehicle Fuel,ADNOC,Fuel Station,Vehicle fuel /?? ADNOC,128.1,Mashreq_Main,business_registered_regular,BR,GST5,Tax Group,Yes
21-08-2024,Personal,Personal - Grocery & Household,ABC Supermarket,Supermarket,Supermarket purchase /?? ABC Supermarket,68.5,Mashreq_Main,business_registered_regular,BR,GST5,Tax Group,Yes
20-08-2024,Personal,Personal - Vehicle Fuel,ENOC/EPPCO,Fuel Station,Vehicle fuel /?? ENOC/EPPCO,135.13,Mashreq_Main,business_registered_regular,BR,GST5,Tax Group,Yes
19-08-2024,Personal,Personal - Amazon Shopping,Amazon,Online Marketplace,Online shopping /?? Amazon,30.95,Mashreq_Main,business_registered_regular,BR,GST5,Tax Group,Yes
17-08-2024,Personal,Personal - Amazon Shopping,Amazon,Online Marketplace,Online shopping /?? Amazon,32.45,Mashreq_Main,business_registered_regular,BR,GST5,Tax Group,Yes
17-08-2024,Personal,Personal - Amazon Shopping,Amazon,Online Marketplace,Online shopping /?? Amazon,46.95,Mashreq_Main,business_registered_regular,BR,GST5,Tax Group,Yes
17-08-2024,Personal,Personal - Amazon Shopping,Amazon,Online Marketplace,Online shopping /?? Amazon,165,Mashreq_Main,business_registered_regular,BR,GST5,Tax Group,Yes
17-08-2024,Personal,Personal - Grocery & Household,Safartas Supermarket,Supermarket,Supermarket purchase /?? Safartas Supermarket,7.5,Mashreq_Main,business_registered_regular,BR,GST5,Tax Group,Yes
16-08-2024,Personal,Personal - Medical & Pharmacy,Aster Pharmacy/Clinic,Medical,Medical expense /?? Aster Pharmacy/Clinic,53.5,Mashreq_Main,business_registered_regular,BR,GST5,Tax Group,Yes
16-08-2024,Personal,Personal - Shopping & Lifestyle,Alhameidi Department Store,Retail,Retail purchase /?? Alhameidi Department Store,61.5,Mashreq_Main,business_registered_regular,BR,GST5,Tax Group,Yes
16-08-2024,Personal,Personal - Vehicle Fuel,ENOC/EPPCO,Fuel Station,Vehicle fuel /?? ENOC/EPPCO,144.01,Mashreq_Main,business_registered_regular,BR,GST5,Tax Group,Yes
15-08-2024,Business,Electricity - Business Premises,Dubai Smart Government,Government,Government payment /?? Dubai Smart Government,442.95,Mashreq_Main,business_registered_regular,BR,GST5,Tax Group,Yes
15-08-2024,Business,Electricity - Business Premises,Dubai Smart Government,Government,Government payment /?? Dubai Smart Government,100,Mashreq_Main,business_registered_regular,BR,GST5,Tax Group,Yes
15-08-2024,Business,Electricity - Business Premises,Dubai Smart Government,Government,Government payment /?? Dubai Smart Government,50,Mashreq_Main,business_registered_regular,BR,GST5,Tax Group,Yes
14-08-2024,Personal,Personal - Miscellaneous,Card Fee/EMI/VAT Adjustment,Card Adjustment,Card adjustment/refund /?? Card Fee/EMI/VAT Adjustment,382.72,Mashreq_Main,business_registered_regular,BR,GST5,Tax Group,Yes
14-08-2024,Personal,Personal - Miscellaneous,Card Fee/EMI/VAT Adjustment,Card Adjustment,Card adjustment/refund /?? Card Fee/EMI/VAT Adjustment,262.5,Mashreq_Main,business_registered_regular,BR,GST5,Tax Group,Yes
12-08-2024,Personal,Personal - Vehicle Fuel,ENOC/EPPCO,Fuel Station,Vehicle fuel /?? ENOC/EPPCO,120.04,Mashreq_Main,business_registered_regular,BR,GST5,Tax Group,Yes
11-08-2024,Personal,Personal - Subscriptions & Software,Amazon,Online Marketplace,Online shopping /?? Amazon,16,Mashreq_Main,business_registered_regular,BR,GST5,Tax Group,Yes
10-08-2024,Personal,Personal - Miscellaneous,Payment Al Quoz Branch (Bank Counter),Bank/Cash,Cash/bank transaction /?? Payment Al Quoz Branch (Bank Counter),0,Mashreq_Main,business_registered_regular,BR,GST5,Tax Group,Yes
09-08-2024,Personal,Personal - Miscellaneous,SEWA (Sharjah Electricity & Water Authority),Utility,Utility bill /?? SEWA (Sharjah Electricity & Water Authority),1148.17,Mashreq_Main,business_registered_regular,BR,GST5,Tax Group,Yes
09-08-2024,Personal,Personal - Miscellaneous,InsuranceMarket.ae,Insurance,Insurance payment /?? InsuranceMarket.ae,787.5,Mashreq_Main,business_registered_regular,BR,GST5,Tax Group,Yes
09-08-2024,Personal,Personal - Vehicle Fuel,ENOC/EPPCO,Fuel Station,Vehicle fuel /?? ENOC/EPPCO,130,Mashreq_Main,business_registered_regular,BR,GST5,Tax Group,Yes
06-08-2024,Personal,Personal - Vehicle Fuel,ADNOC,Fuel Station,Vehicle fuel /?? ADNOC,130,Mashreq_Main,business_registered_regular,BR,GST5,Tax Group,Yes
04-08-2024,Personal,Personal - Amazon Shopping,Amazon,Online Marketplace,Online shopping /?? Amazon,19,Mashreq_Main,business_registered_regular,BR,GST5,Tax Group,Yes
04-08-2024,Personal,Personal - Amazon Shopping,Amazon,Online Marketplace,Online shopping /?? Amazon,21.77,Mashreq_Main,business_registered_regular,BR,GST5,Tax Group,Yes
03-08-2024,Personal,Personal - Vehicle Fuel,ADNOC,Fuel Station,Vehicle fuel /?? ADNOC,134.05,Mashreq_Main,business_registered_regular,BR,GST5,Tax Group,Yes
02-08-2024,Personal,Personal - Food & Dining,Safar Tas Restaurant,Restaurant,Restaurant / dining /?? Safar Tas Restaurant,40,Mashreq_Main,business_registered_regular,BR,GST5,Tax Group,Yes
01-08-2024,Personal,Personal - Medical & Pharmacy,Vet Plus Vet Center,Medical - Veterinary,Veterinary expense /?? Vet Plus Vet Center,89.25,Mashreq_Main,business_registered_regular,BR,GST5,Tax Group,Yes
01-08-2024,Business,Software Subscriptions - Business,Google,Software/Cloud,Software/cloud subscription /?? Google,28.61,Mashreq_Main,business_registered_regular,BR,GST5,Tax Group,Yes
31-07-2024,Personal,Personal - Vehicle Fuel,ENOC/EPPCO,Fuel Station,Vehicle fuel /?? ENOC/EPPCO,127.04,Mashreq_Main,business_registered_regular,BR,GST5,Tax Group,Yes
30-07-2024,Personal,Personal - Grocery & Household,Nesto Hypermarket,Supermarket,Supermarket purchase /?? Nesto Hypermarket,205.32,Mashreq_Main,business_registered_regular,BR,GST5,Tax Group,Yes
29-07-2024,Personal,Personal - Amazon Shopping,Amazon,Online Marketplace,Online shopping /?? Amazon,179.79,Mashreq_Main,business_registered_regular,BR,GST5,Tax Group,Yes
29-07-2024,Personal,Personal - Grocery & Household,Grand Hypermarket,Supermarket,Supermarket purchase /?? Grand Hypermarket,257.75,Mashreq_Main,business_registered_regular,BR,GST5,Tax Group,Yes
29-07-2024,Personal,Personal - Grocery & Household,Mohd Rashid Vegetables & Fruits,Grocery,Grocery purchase /?? Mohd Rashid Vegetables & Fruits,135,Mashreq_Main,business_registered_regular,BR,GST5,Tax Group,Yes
28-07-2024,Personal,Personal - Food & Dining,Noon,Online Marketplace,Online shopping /?? Noon,32.68,Mashreq_Main,business_registered_regular,BR,GST5,Tax Group,Yes
28-07-2024,Personal,Personal - Shopping & Lifestyle,Alhameidi Department Store,Retail,Retail purchase /?? Alhameidi Department Store,48,Mashreq_Main,business_registered_regular,BR,GST5,Tax Group,Yes
27-07-2024,Personal,Personal - Amazon Shopping,Amazon,Online Marketplace,Online shopping /?? Amazon,40.2,Mashreq_Main,business_registered_regular,BR,GST5,Tax Group,Yes
27-07-2024,Personal,Personal - Amazon Shopping,Amazon,Online Marketplace,Online shopping /?? Amazon,87,Mashreq_Main,business_registered_regular,BR,GST5,Tax Group,Yes
27-07-2024,Personal,Personal - Amazon Shopping,Amazon,Online Marketplace,Online shopping /?? Amazon,129.9,Mashreq_Main,business_registered_regular,BR,GST5,Tax Group,Yes
27-07-2024,Personal,Personal - Vehicle Fuel,ADNOC,Fuel Station,Vehicle fuel /?? ADNOC,125,Mashreq_Main,business_registered_regular,BR,GST5,Tax Group,Yes
27-07-2024,Personal,Personal - Vehicle Maintenance,Fine Tools Equipment & Trading,Tools & Equipment,Tools & equipment purchase /?? Fine Tools Equipment & Trading,255,Mashreq_Main,business_registered_regular,BR,GST5,Tax Group,Yes
26-07-2024,Personal,Personal - Grocery & Household,ABC Supermarket,Supermarket,Supermarket purchase /?? ABC Supermarket,57,Mashreq_Main,business_registered_regular,BR,GST5,Tax Group,Yes
25-07-2024,Personal,Personal - Amazon Shopping,Amazon,Online Marketplace,Online shopping /?? Amazon,54.59,Mashreq_Main,business_registered_regular,BR,GST5,Tax Group,Yes
24-07-2024,Personal,Personal - Grocery & Household,Safartas Supermarket,Supermarket,Supermarket purchase /?? Safartas Supermarket,9.5,Mashreq_Main,business_registered_regular,BR,GST5,Tax Group,Yes
24-07-2024,Personal,Personal - Vehicle Fuel,ENOC/EPPCO,Fuel Station,Vehicle fuel /?? ENOC/EPPCO,112.95,Mashreq_Main,business_registered_regular,BR,GST5,Tax Group,Yes
23-07-2024,Personal,Personal - Home Electricity,SEWA (Sharjah Electricity & Water Authority),Utility,Utility bill /?? SEWA (Sharjah Electricity & Water Authority),1112.73,Mashreq_Main,business_registered_regular,BR,GST5,Tax Group,Yes
23-07-2024,Personal,Personal - Miscellaneous,Golden Life Pharmacy,Pharmacy,Pharmacy purchase /?? Golden Life Pharmacy,51.63,Mashreq_Main,business_registered_regular,BR,GST5,Tax Group,Yes
23-07-2024,Personal,Personal - Vehicle Maintenance,Tyre Shop (Al Qouz/Al Taqdeer/Rukn Al Sahil),Vehicle Maintenance,Vehicle maintenance/repair /?? Tyre Shop (Al Qouz/Al Taqdeer/Rukn Al Sahil),45,Mashreq_Main,business_registered_regular,BR,GST5,Tax Group,Yes
22-07-2024,Personal,Personal - Grocery & Household,Every Day Fresh Hypermarket,Supermarket,Supermarket purchase /?? Every Day Fresh Hypermarket,6.81,Mashreq_Main,business_registered_regular,BR,GST5,Tax Group,Yes
21-07-2024,Personal,Personal - Vehicle Fuel,Emarat,Fuel Station,Vehicle fuel /?? Emarat,285.06,Mashreq_Main,business_registered_regular,BR,GST5,Tax Group,Yes
21-07-2024,Personal,Personal - Vehicle Fuel,ENOC/EPPCO,Fuel Station,Vehicle fuel /?? ENOC/EPPCO,125.02,Mashreq_Main,business_registered_regular,BR,GST5,Tax Group,Yes
20-07-2024,Personal,Personal - Vehicle Maintenance,Fine Tools Equipment & Trading,Tools & Equipment,Tools & equipment purchase /?? Fine Tools Equipment & Trading,260,Mashreq_Main,business_registered_regular,BR,GST5,Tax Group,Yes
19-07-2024,Personal,Personal - Food & Dining,Chocolala,Restaurant/Cafe,Restaurant/cafe /?? Chocolala,173.04,Mashreq_Main,business_registered_regular,BR,GST5,Tax Group,Yes
19-07-2024,Personal,Personal - Grocery & Household,ABC Supermarket,Supermarket,Supermarket purchase /?? ABC Supermarket,64,Mashreq_Main,business_registered_regular,BR,GST5,Tax Group,Yes
17-07-2024,Personal,Personal - Vehicle Fuel,ENOC/EPPCO,Fuel Station,Vehicle fuel /?? ENOC/EPPCO,126.09,Mashreq_Main,business_registered_regular,BR,GST5,Tax Group,Yes
16-07-2024,Personal,Personal - Grocery & Household,Safartas Supermarket,Supermarket,Supermarket purchase /?? Safartas Supermarket,7.5,Mashreq_Main,business_registered_regular,BR,GST5,Tax Group,Yes
14-07-2024,Personal,Personal - Miscellaneous,Card Fee/EMI/VAT Adjustment,Card Adjustment,Card adjustment/refund /?? Card Fee/EMI/VAT Adjustment,3036.26,Mashreq_Main,business_registered_regular,BR,GST5,Tax Group,Yes
14-07-2024,Personal,Personal - Shopping & Lifestyle,Alhameidi Department Store,Retail,Retail purchase /?? Alhameidi Department Store,45,Mashreq_Main,business_registered_regular,BR,GST5,Tax Group,Yes
14-07-2024,Personal,Personal - Vehicle Fuel,ADNOC,Fuel Station,Vehicle fuel /?? ADNOC,144.26,Mashreq_Main,business_registered_regular,BR,GST5,Tax Group,Yes
12-07-2024,Personal,Personal - Vehicle Maintenance,Fine Tools Equipment & Trading,Tools & Equipment,Tools & equipment purchase /?? Fine Tools Equipment & Trading,270,Mashreq_Main,business_registered_regular,BR,GST5,Tax Group,Yes
11-07-2024,Personal,Personal - Grocery & Household,Every Day Fresh Hypermarket,Supermarket,Supermarket purchase /?? Every Day Fresh Hypermarket,36.5,Mashreq_Main,business_registered_regular,BR,GST5,Tax Group,Yes
11-07-2024,Personal,Personal - Grocery & Household,Every Day Fresh Hypermarket,Supermarket,Supermarket purchase /?? Every Day Fresh Hypermarket,1.39,Mashreq_Main,business_registered_regular,BR,GST5,Tax Group,Yes
11-07-2024,Personal,Personal - Subscriptions & Software,Amazon,Online Marketplace,Online shopping /?? Amazon,16,Mashreq_Main,business_registered_regular,BR,GST5,Tax Group,Yes
11-07-2024,Personal,Personal - Vehicle Fuel,ENOC/EPPCO,Fuel Station,Vehicle fuel /?? ENOC/EPPCO,135.01,Mashreq_Main,business_registered_regular,BR,GST5,Tax Group,Yes
09-07-2024,Business,Electricity - Business Premises,Dubai Smart Government,Government,Government payment /?? Dubai Smart Government,442.95,Mashreq_Main,business_registered_regular,BR,GST5,Tax Group,Yes
09-07-2024,Personal,Personal - Miscellaneous,Payment Al Quoz Branch (Bank Counter),Bank/Cash,Cash/bank transaction /?? Payment Al Quoz Branch (Bank Counter),0,Mashreq_Main,business_registered_regular,BR,GST5,Tax Group,Yes
08-07-2024,Personal,Personal - Miscellaneous,Dubai Smart Government,Government,Government payment /?? Dubai Smart Government,2,Mashreq_Main,business_registered_regular,BR,GST5,Tax Group,Yes
08-07-2024,Personal,Personal - Vehicle Fuel,Emarat,Fuel Station,Vehicle fuel /?? Emarat,100,Mashreq_Main,business_registered_regular,BR,GST5,Tax Group,Yes
08-07-2024,Personal,Personal - Vehicle Fuel,ADNOC,Fuel Station,Vehicle fuel /?? ADNOC,125.02,Mashreq_Main,business_registered_regular,BR,GST5,Tax Group,Yes
05-07-2024,Personal,Personal - Amazon Shopping,Amazon,Online Marketplace,Online shopping /?? Amazon,63.82,Mashreq_Main,business_registered_regular,BR,GST5,Tax Group,Yes
04-07-2024,Personal,Personal - Grocery & Household,Grand Hypermarket,Supermarket,Supermarket purchase /?? Grand Hypermarket,363.08,Mashreq_Main,business_registered_regular,BR,GST5,Tax Group,Yes
04-07-2024,Personal,Personal - Vehicle Fuel,ENOC/EPPCO,Fuel Station,Vehicle fuel /?? ENOC/EPPCO,128.82,Mashreq_Main,business_registered_regular,BR,GST5,Tax Group,Yes
04-07-2024,Business,Vehicle Registration & Insurance,InsuranceMarket.ae,Insurance,Insurance payment /?? InsuranceMarket.ae,787.5,Mashreq_Main,business_registered_regular,BR,GST5,Tax Group,Yes
03-07-2024,Personal,Personal - Shopping & Lifestyle,Tyre Shop (Al Qouz/Al Taqdeer/Rukn Al Sahil),Vehicle Maintenance,Vehicle maintenance/repair /?? Tyre Shop (Al Qouz/Al Taqdeer/Rukn Al Sahil),30,Mashreq_Main,business_registered_regular,BR,GST5,Tax Group,Yes
02-07-2024,Personal,Personal - Home Electricity,SEWA (Sharjah Electricity & Water Authority),Utility,Utility bill /?? SEWA (Sharjah Electricity & Water Authority),1148.17,Mashreq_Main,business_registered_regular,BR,GST5,Tax Group,Yes
01-07-2024,Personal,Personal - Miscellaneous,Dubai Smart Government,Government,Government payment /?? Dubai Smart Government,2,Mashreq_Main,business_registered_regular,BR,GST5,Tax Group,Yes
01-07-2024,Personal,Personal - Vehicle Fuel,ADNOC,Fuel Station,Vehicle fuel /?? ADNOC,125.02,Mashreq_Main,business_registered_regular,BR,GST5,Tax Group,Yes
01-07-2024,Business,Software Subscriptions - Business,Google,Software/Cloud,Software/cloud subscription /?? Google,28.29,Mashreq_Main,business_registered_regular,BR,GST5,Tax Group,Yes
30-06-2024,Personal,Personal - Food & Dining,Bikaner Restaurant,Restaurant,Restaurant / dining /?? Bikaner Restaurant,99.25,Mashreq_Main,business_registered_regular,BR,GST5,Tax Group,Yes
28-06-2024,Personal,Personal - Grocery & Household,Al Bawadi Supermarket,Supermarket,Supermarket purchase /?? Al Bawadi Supermarket,27.5,Mashreq_Main,business_registered_regular,BR,GST5,Tax Group,Yes
28-06-2024,Personal,Personal - Grocery & Household,Grand City Mall,Shopping Mall,Shopping mall purchase /?? Grand City Mall,60,Mashreq_Main,business_registered_regular,BR,GST5,Tax Group,Yes
28-06-2024,Personal,Personal - Medical & Pharmacy,Golden Life Pharmacy,Pharmacy,Pharmacy purchase /?? Golden Life Pharmacy,68.38,Mashreq_Main,business_registered_regular,BR,GST5,Tax Group,Yes
28-06-2024,Personal,Personal - Vehicle Fuel,ADNOC,Fuel Station,Vehicle fuel /?? ADNOC,136.81,Mashreq_Main,business_registered_regular,BR,GST5,Tax Group,Yes
27-06-2024,Personal,Personal - Grocery & Household,ABC Supermarket,Supermarket,Supermarket purchase /?? ABC Supermarket,29.5,Mashreq_Main,business_registered_regular,BR,GST5,Tax Group,Yes
26-06-2024,Personal,Personal - Grocery & Household,Grand Hypermarket,Supermarket,Supermarket purchase /?? Grand Hypermarket,133.59,Mashreq_Main,business_registered_regular,BR,GST5,Tax Group,Yes
26-06-2024,Personal,Personal - Shopping & Lifestyle,Tyre Shop (Al Qouz/Al Taqdeer/Rukn Al Sahil),Vehicle Maintenance,Vehicle maintenance/repair /?? Tyre Shop (Al Qouz/Al Taqdeer/Rukn Al Sahil),15,Mashreq_Main,business_registered_regular,BR,GST5,Tax Group,Yes
26-06-2024,Personal,Personal - Vehicle Maintenance,Motor Land,Vehicle Maintenance,Vehicle maintenance/repair /?? Motor Land,110,Mashreq_Main,business_registered_regular,BR,GST5,Tax Group,Yes
26-06-2024,Business,Vat Payment To Fta,Federal Tax Authority (FTA),Government / VAT,VAT payment /?? Federal Tax Authority (FTA),4743.43,Mashreq_Main,business_registered_regular,BR,GST5,Tax Group,Yes
25-06-2024,Personal,Personal - Vehicle Fuel,ADNOC,Fuel Station,Vehicle fuel /?? ADNOC,130.07,Mashreq_Main,business_registered_regular,BR,GST5,Tax Group,Yes
24-06-2024,Personal,Personal - Amazon Shopping,Amazon,Online Marketplace,Online shopping /?? Amazon,257.07,Mashreq_Main,business_registered_regular,BR,GST5,Tax Group,Yes
23-06-2024,Personal,Personal - Food & Dining,Safar Tas Restaurant,Restaurant,Restaurant / dining /?? Safar Tas Restaurant,40,Mashreq_Main,business_registered_regular,BR,GST5,Tax Group,Yes
22-06-2024,Personal,Personal - Grocery & Household,Al Bawadi Supermarket,Supermarket,Supermarket purchase /?? Al Bawadi Supermarket,16.25,Mashreq_Main,business_registered_regular,BR,GST5,Tax Group,Yes
22-06-2024,Personal,Personal - Vehicle Fuel,ENOC/EPPCO,Fuel Station,Vehicle fuel /?? ENOC/EPPCO,145.02,Mashreq_Main,business_registered_regular,BR,GST5,Tax Group,Yes
21-06-2024,Personal,Personal - Grocery & Household,Carrefour,Supermarket,Supermarket purchase /?? Carrefour,392.1,Mashreq_Main,business_registered_regular,BR,GST5,Tax Group,Yes
21-06-2024,Personal,Personal - Shopping & Lifestyle,Giordano,Retail - Apparel,Clothing purchase /?? Giordano,59,Mashreq_Main,business_registered_regular,BR,GST5,Tax Group,Yes
20-06-2024,Personal,Personal - Amazon Shopping,Amazon,Online Marketplace,Online shopping /?? Amazon,97.29,Mashreq_Main,business_registered_regular,BR,GST5,Tax Group,Yes
20-06-2024,Personal,Personal - Vehicle Maintenance,Fine Tools Equipment & Trading,Tools & Equipment,Tools & equipment purchase /?? Fine Tools Equipment & Trading,245,Mashreq_Main,business_registered_regular,BR,GST5,Tax Group,Yes
20-06-2024,Business,Printing & Stationery,A B Print House,Printing & Stationery,Printing & stationery /?? A B Print House,8.41,Mashreq_Main,business_registered_regular,BR,GST5,Tax Group,Yes
19-06-2024,Personal,Personal - Grocery & Household,Al Bawadi Supermarket,Supermarket,Supermarket purchase /?? Al Bawadi Supermarket,12,Mashreq_Main,business_registered_regular,BR,GST5,Tax Group,Yes
19-06-2024,Personal,Personal - Vehicle Fuel,ENOC/EPPCO,Fuel Station,Vehicle fuel /?? ENOC/EPPCO,135.02,Mashreq_Main,business_registered_regular,BR,GST5,Tax Group,Yes
17-06-2024,Business,Bank & Card Annual Fees,Card Fee/EMI/VAT Adjustment,Card Adjustment,Card adjustment/refund /?? Card Fee/EMI/VAT Adjustment,650,Mashreq_Main,business_registered_regular,BR,GST5,Tax Group,Yes
17-06-2024,Business,Bank & Card Annual Fees,Card Fee/EMI/VAT Adjustment,Card Adjustment,Card adjustment/refund /?? Card Fee/EMI/VAT Adjustment,32.5,Mashreq_Main,business_registered_regular,BR,GST5,Tax Group,Yes
17-06-2024,Business,Electricity - Business Premises,Dubai Smart Government,Government,Government payment /?? Dubai Smart Government,444.23,Mashreq_Main,business_registered_regular,BR,GST5,Tax Group,Yes
17-06-2024,Personal,Personal - Grocery & Household,Gala Supermarket,Supermarket,Supermarket purchase /?? Gala Supermarket,19.17,Mashreq_Main,business_registered_regular,BR,GST5,Tax Group,Yes
17-06-2024,Personal,Personal - Shopping & Lifestyle,Al Taqdeer Smoking,Retail,Retail purchase /?? Al Taqdeer Smoking,60,Mashreq_Main,business_registered_regular,BR,GST5,Tax Group,Yes
16-06-2024,Personal,Personal - Food & Dining,Safar Tas Restaurant,Restaurant,Restaurant / dining /?? Safar Tas Restaurant,35,Mashreq_Main,business_registered_regular,BR,GST5,Tax Group,Yes
14-06-2024,Personal,Personal - Amazon Shopping,Amazon,Online Marketplace,Online shopping /?? Amazon,135.98,Mashreq_Main,business_registered_regular,BR,GST5,Tax Group,Yes
14-06-2024,Personal,Personal - Grocery & Household,Al Bawadi Supermarket,Supermarket,Supermarket purchase /?? Al Bawadi Supermarket,5.5,Mashreq_Main,business_registered_regular,BR,GST5,Tax Group,Yes
14-06-2024,Personal,Personal - Miscellaneous,Card Fee/EMI/VAT Adjustment,Card Adjustment,Card adjustment/refund /?? Card Fee/EMI/VAT Adjustment,3036.26,Mashreq_Main,business_registered_regular,BR,GST5,Tax Group,Yes
13-06-2024,Personal,Personal - Amazon Shopping,Amazon,Online Marketplace,Online shopping /?? Amazon,79,Mashreq_Main,business_registered_regular,BR,GST5,Tax Group,Yes
13-06-2024,Personal,Personal - Grocery & Household,ABC Supermarket,Supermarket,Supermarket purchase /?? ABC Supermarket,29.5,Mashreq_Main,business_registered_regular,BR,GST5,Tax Group,Yes
13-06-2024,Personal,Personal - Shopping & Lifestyle,Kittys Zone Pets,Pet Supplies,Pet supplies purchase /?? Kittys Zone Pets,30,Mashreq_Main,business_registered_regular,BR,GST5,Tax Group,Yes
13-06-2024,Personal,Personal - Vehicle Fuel,ADNOC,Fuel Station,Vehicle fuel /?? ADNOC,137.05,Mashreq_Main,business_registered_regular,BR,GST5,Tax Group,Yes
12-06-2024,Personal,Personal - Grocery & Household,Nesto Hypermarket,Supermarket,Supermarket purchase /?? Nesto Hypermarket,397.82,Mashreq_Main,business_registered_regular,BR,GST5,Tax Group,Yes
12-06-2024,Personal,Personal - Grocery & Household,Nesto Hypermarket,Supermarket,Supermarket purchase /?? Nesto Hypermarket,4,Mashreq_Main,business_registered_regular,BR,GST5,Tax Group,Yes
11-06-2024,Personal,Personal - Vehicle Maintenance,Al Ofoq Al Malaki Cars,Vehicle Maintenance,Vehicle maintenance/repair /?? Al Ofoq Al Malaki Cars,40,Mashreq_Main,business_registered_regular,BR,GST5,Tax Group,Yes
10-06-2024,Business,Electricity - Business Premises,Dubai Smart Government,Government,Government payment /?? Dubai Smart Government,100,Mashreq_Main,business_registered_regular,BR,GST5,Tax Group,Yes
10-06-2024,Personal,Personal - Vehicle Fuel,ADNOC,Fuel Station,Vehicle fuel /?? ADNOC,125,Mashreq_Main,business_registered_regular,BR,GST5,Tax Group,Yes
09-06-2024,Personal,Personal - Grocery & Household,Baqer Mohebi Supermarket,Supermarket,Supermarket purchase /?? Baqer Mohebi Supermarket,63.6,Mashreq_Main,business_registered_regular,BR,GST5,Tax Group,Yes
09-06-2024,Personal,Personal - Grocery & Household,Al Adil Trading,Supermarket,Supermarket purchase /?? Al Adil Trading,148.4,Mashreq_Main,business_registered_regular,BR,GST5,Tax Group,Yes
09-06-2024,Personal,Personal - Miscellaneous,Payment Al Quoz Branch (Bank Counter),Bank/Cash,Cash/bank transaction /?? Payment Al Quoz Branch (Bank Counter),0,Mashreq_Main,business_registered_regular,BR,GST5,Tax Group,Yes
08-06-2024,Personal,Personal - Grocery & Household,Al Bawadi Supermarket,Supermarket,Supermarket purchase /?? Al Bawadi Supermarket,21,Mashreq_Main,business_registered_regular,BR,GST5,Tax Group,Yes
07-06-2024,Personal,Personal - Vehicle Fuel,ENOC/EPPCO,Fuel Station,Vehicle fuel /?? ENOC/EPPCO,140.04,Mashreq_Main,business_registered_regular,BR,GST5,Tax Group,Yes
07-06-2024,Personal,Personal - Vehicle Fuel,ADNOC,Fuel Station,Vehicle fuel /?? ADNOC,200.01,Mashreq_Main,business_registered_regular,BR,GST5,Tax Group,Yes
06-06-2024,Personal,Personal - Grocery & Household,Al Bawadi Supermarket,Supermarket,Supermarket purchase /?? Al Bawadi Supermarket,14.75,Mashreq_Main,business_registered_regular,BR,GST5,Tax Group,Yes
05-06-2024,Personal,Personal - Shopping & Lifestyle,Noon,Online Marketplace,Online shopping /?? Noon,116.45,Mashreq_Main,business_registered_regular,BR,GST5,Tax Group,Yes
04-06-2024,Personal,Personal - Grocery & Household,Masafi,Grocery/Water,Grocery/drinking water /?? Masafi,400,Mashreq_Main,business_registered_regular,BR,GST5,Tax Group,Yes
04-06-2024,Personal,Personal - Grocery & Household,ABC Supermarket,Supermarket,Supermarket purchase /?? ABC Supermarket,64.5,Mashreq_Main,business_registered_regular,BR,GST5,Tax Group,Yes
04-06-2024,Personal,Personal - Vehicle Fuel,ADNOC,Fuel Station,Vehicle fuel /?? ADNOC,129.04,Mashreq_Main,business_registered_regular,BR,GST5,Tax Group,Yes
03-06-2024,Personal,Personal - Air Travel,Etihad Airways,Airline,Air travel booking /?? Etihad Airways,805,Mashreq_Main,business_registered_regular,BR,GST5,Tax Group,Yes
03-06-2024,Personal,Personal - Vehicle Maintenance,Fine Tools Equipment & Trading,Tools & Equipment,Tools & equipment purchase /?? Fine Tools Equipment & Trading,200,Mashreq_Main,business_registered_regular,BR,GST5,Tax Group,Yes
02-06-2024,Business,Electricity - Business Premises,Dubai Smart Government,Government,Government payment /?? Dubai Smart Government,50,Mashreq_Main,business_registered_regular,BR,GST5,Tax Group,Yes
01-06-2024,Business,Software Subscriptions - Business,Google,Software/Cloud,Software/cloud subscription /?? Google,28.7,Mashreq_Main,business_registered_regular,BR,GST5,Tax Group,Yes
31-05-2024,Personal,Personal - Vehicle Fuel,ENOC/EPPCO,Fuel Station,Vehicle fuel /?? ENOC/EPPCO,97.21,Mashreq_Main,business_registered_regular,BR,GST5,Tax Group,Yes
30-05-2024,Personal,Personal - Amazon Shopping,Amazon,Online Marketplace,Online shopping /?? Amazon,465.25,Mashreq_Main,business_registered_regular,BR,GST5,Tax Group,Yes
30-05-2024,Personal,Personal - Grocery & Household,Al Bawadi Supermarket,Supermarket,Supermarket purchase /?? Al Bawadi Supermarket,48,Mashreq_Main,business_registered_regular,BR,GST5,Tax Group,Yes
30-05-2024,Personal,Personal - Medical & Pharmacy,Life Pharmacy,Pharmacy,Pharmacy purchase /?? Life Pharmacy,135,Mashreq_Main,business_registered_regular,BR,GST5,Tax Group,Yes
30-05-2024,Personal,Personal - Shopping & Lifestyle,Tyre Shop (Al Qouz/Al Taqdeer/Rukn Al Sahil),Vehicle Maintenance,Vehicle maintenance/repair /?? Tyre Shop (Al Qouz/Al Taqdeer/Rukn Al Sahil),20,Mashreq_Main,business_registered_regular,BR,GST5,Tax Group,Yes
30-05-2024,Personal,Personal - Vehicle Fuel,ADNOC,Fuel Station,Vehicle fuel /?? ADNOC,150.02,Mashreq_Main,business_registered_regular,BR,GST5,Tax Group,Yes
26-05-2024,Personal,Personal - Vehicle Fuel,ENOC/EPPCO,Fuel Station,Vehicle fuel /?? ENOC/EPPCO,147.01,Mashreq_Main,business_registered_regular,BR,GST5,Tax Group,Yes
25-05-2024,Personal,Personal - Amazon Shopping,Amazon,Online Marketplace,Online shopping /?? Amazon,99.78,Mashreq_Main,business_registered_regular,BR,GST5,Tax Group,Yes
25-05-2024,Personal,Personal - Shopping & Lifestyle,Gifts Village,Retail,Retail purchase /?? Gifts Village,65.7,Mashreq_Main,business_registered_regular,BR,GST5,Tax Group,Yes
24-05-2024,Business,General Maintenance & Repairs,Micco Logistics,Logistics,Logistics/shipping /?? Micco Logistics,250,Mashreq_Main,business_registered_regular,BR,GST5,Tax Group,Yes
24-05-2024,Personal,Personal - Home Electricity,SEWA (Sharjah Electricity & Water Authority),Utility,Utility bill /?? SEWA (Sharjah Electricity & Water Authority),762.41,Mashreq_Main,business_registered_regular,BR,GST5,Tax Group,Yes
24-05-2024,Personal,Personal - Vehicle Fuel,ENOC/EPPCO,Fuel Station,Vehicle fuel /?? ENOC/EPPCO,140.01,Mashreq_Main,business_registered_regular,BR,GST5,Tax Group,Yes
21-05-2024,Personal,Personal - Shopping & Lifestyle,Tyre Shop (Al Qouz/Al Taqdeer/Rukn Al Sahil),Vehicle Maintenance,Vehicle maintenance/repair /?? Tyre Shop (Al Qouz/Al Taqdeer/Rukn Al Sahil),45,Mashreq_Main,business_registered_regular,BR,GST5,Tax Group,Yes
21-05-2024,Personal,Personal - Vehicle Fuel,ENOC/EPPCO,Fuel Station,Vehicle fuel /?? ENOC/EPPCO,146.99,Mashreq_Main,business_registered_regular,BR,GST5,Tax Group,Yes
18-05-2024,Personal,Personal - Vehicle Fuel,ENOC/EPPCO,Fuel Station,Vehicle fuel /?? ENOC/EPPCO,152.5,Mashreq_Main,business_registered_regular,BR,GST5,Tax Group,Yes
18-05-2024,Personal,Personal - Vehicle Maintenance,Fine Tools Equipment & Trading,Tools & Equipment,Tools & equipment purchase /?? Fine Tools Equipment & Trading,150,Mashreq_Main,business_registered_regular,BR,GST5,Tax Group,Yes
15-05-2024,Personal,Personal - Grocery & Household,ABC Supermarket,Supermarket,Supermarket purchase /?? ABC Supermarket,59.5,Mashreq_Main,business_registered_regular,BR,GST5,Tax Group,Yes
15-05-2024,Personal,Personal - Grocery & Household,ABC Supermarket,Supermarket,Supermarket purchase /?? ABC Supermarket,49,Mashreq_Main,business_registered_regular,BR,GST5,Tax Group,Yes
14-05-2024,Personal,Personal - Grocery & Household,Al Bawadi Supermarket,Supermarket,Supermarket purchase /?? Al Bawadi Supermarket,27.25,Mashreq_Main,business_registered_regular,BR,GST5,Tax Group,Yes
14-05-2024,Personal,Personal - Miscellaneous,Card Fee/EMI/VAT Adjustment,Card Adjustment,Card adjustment/refund /?? Card Fee/EMI/VAT Adjustment,3036.26,Mashreq_Main,business_registered_regular,BR,GST5,Tax Group,Yes
14-05-2024,Personal,Personal - Miscellaneous,Shams Al Nahda Supermarket,Supermarket,Supermarket purchase /?? Shams Al Nahda Supermarket,4,Mashreq_Main,business_registered_regular,BR,GST5,Tax Group,Yes
14-05-2024,Personal,Personal - Vehicle Fuel,ENOC/EPPCO,Fuel Station,Vehicle fuel /?? ENOC/EPPCO,140,Mashreq_Main,business_registered_regular,BR,GST5,Tax Group,Yes
13-05-2024,Personal,Personal - Air Travel,Air Arabia,Airline,Air travel booking /?? Air Arabia,495.71,Mashreq_Main,business_registered_regular,BR,GST5,Tax Group,Yes
13-05-2024,Personal,Personal - Miscellaneous,A B Print House,Printing & Stationery,Printing & stationery /?? A B Print House,3.99,Mashreq_Main,business_registered_regular,BR,GST5,Tax Group,Yes
11-05-2024,Business,Electricity - Business Premises,Dubai Smart Government,Government,Government payment /?? Dubai Smart Government,50,Mashreq_Main,business_registered_regular,BR,GST5,Tax Group,Yes
11-05-2024,Personal,Personal - Vehicle Fuel,ENOC/EPPCO,Fuel Station,Vehicle fuel /?? ENOC/EPPCO,131.83,Mashreq_Main,business_registered_regular,BR,GST5,Tax Group,Yes
09-05-2024,Personal,Personal - Miscellaneous,Payment Al Quoz Branch (Bank Counter),Bank/Cash,Cash/bank transaction /?? Payment Al Quoz Branch (Bank Counter),0,Mashreq_Main,business_registered_regular,BR,GST5,Tax Group,Yes
09-05-2024,Personal,Personal - Shopping & Lifestyle,Al Taqdeer Smoking,Retail,Retail purchase /?? Al Taqdeer Smoking,60,Mashreq_Main,business_registered_regular,BR,GST5,Tax Group,Yes
09-05-2024,Personal,Personal - Vehicle Fuel,ADNOC,Fuel Station,Vehicle fuel /?? ADNOC,140.01,Mashreq_Main,business_registered_regular,BR,GST5,Tax Group,Yes
07-05-2024,Personal,Personal - Vehicle Fuel,ENOC/EPPCO,Fuel Station,Vehicle fuel /?? ENOC/EPPCO,155.01,Mashreq_Main,business_registered_regular,BR,GST5,Tax Group,Yes
06-05-2024,Personal,Personal - Grocery & Household,Nesto Hypermarket,Supermarket,Supermarket purchase /?? Nesto Hypermarket,201.82,Mashreq_Main,business_registered_regular,BR,GST5,Tax Group,Yes
04-05-2024,Personal,Personal - Miscellaneous,Federal Tax Authority (FTA),Government / VAT,VAT payment /?? Federal Tax Authority (FTA),9108.78,Mashreq_Main,business_registered_regular,BR,GST5,Tax Group,Yes
04-05-2024,Personal,Personal - Vehicle Fuel,ENOC/EPPCO,Fuel Station,Vehicle fuel /?? ENOC/EPPCO,145.03,Mashreq_Main,business_registered_regular,BR,GST5,Tax Group,Yes
04-05-2024,Personal,Personal - Vehicle Maintenance,Motor Land,Vehicle Maintenance,Vehicle maintenance/repair /?? Motor Land,52.5,Mashreq_Main,business_registered_regular,BR,GST5,Tax Group,Yes
03-05-2024,Personal,Personal - Parking & Salik,National Parking Company,Parking/Salik,Parking / Salik toll /?? National Parking Company,16,Mashreq_Main,business_registered_regular,BR,GST5,Tax Group,Yes
03-05-2024,Personal,Personal - Shopping & Lifestyle,Alhameidi Department Store,Retail,Retail purchase /?? Alhameidi Department Store,45,Mashreq_Main,business_registered_regular,BR,GST5,Tax Group,Yes
02-05-2024,Business,Electricity - Business Premises,Dubai Smart Government,Government,Government payment /?? Dubai Smart Government,443.59,Mashreq_Main,business_registered_regular,BR,GST5,Tax Group,Yes
02-05-2024,Personal,Personal - Grocery & Household,Al Bawadi Supermarket,Supermarket,Supermarket purchase /?? Al Bawadi Supermarket,14.75,Mashreq_Main,business_registered_regular,BR,GST5,Tax Group,Yes
02-05-2024,Personal,Personal - Home Electricity,SEWA (Sharjah Electricity & Water Authority),Utility,Utility bill /?? SEWA (Sharjah Electricity & Water Authority),716.85,Mashreq_Main,business_registered_regular,BR,GST5,Tax Group,Yes
02-05-2024,Personal,Personal - Vehicle Fuel,ENOC/EPPCO,Fuel Station,Vehicle fuel /?? ENOC/EPPCO,138.72,Mashreq_Main,business_registered_regular,BR,GST5,Tax Group,Yes
02-05-2024,Personal,Personal - Vehicle Maintenance,The Master Auto,Vehicle Maintenance,Vehicle maintenance/repair /?? The Master Auto,175,Mashreq_Main,business_registered_regular,BR,GST5,Tax Group,Yes
01-05-2024,Business,Software Subscriptions - Business,Google,Software/Cloud,Software/cloud subscription /?? Google,28.32,Mashreq_Main,business_registered_regular,BR,GST5,Tax Group,Yes
30-04-2024,Business,Electricity - Business Premises,Dubai Smart Government,Government,Government payment /?? Dubai Smart Government,50,Mashreq_Main,business_registered_regular,BR,GST5,Tax Group,Yes
30-04-2024,Business,General Maintenance & Repairs,Laspinas Building Materials,Maintenance/Repairs,Maintenance/repairs /?? Laspinas Building Materials,112.35,Mashreq_Main,business_registered_regular,BR,GST5,Tax Group,Yes
30-04-2024,Personal,Personal - Amazon Shopping,Amazon,Online Marketplace,Online shopping /?? Amazon,322.4,Mashreq_Main,business_registered_regular,BR,GST5,Tax Group,Yes
30-04-2024,Personal,Personal - Amazon Shopping,Amazon,Online Marketplace,Online shopping /?? Amazon,450.9,Mashreq_Main,business_registered_regular,BR,GST5,Tax Group,Yes
30-04-2024,Personal,Personal - Grocery & Household,Al Bawadi Supermarket,Supermarket,Supermarket purchase /?? Al Bawadi Supermarket,7.5,Mashreq_Main,business_registered_regular,BR,GST5,Tax Group,Yes
30-04-2024,Personal,Personal - Vehicle Fuel,ENOC/EPPCO,Fuel Station,Vehicle fuel /?? ENOC/EPPCO,108.02,Mashreq_Main,business_registered_regular,BR,GST5,Tax Group,Yes
29-04-2024,Personal,Personal - Vehicle Maintenance,Tyre Shop (Al Qouz/Al Taqdeer/Rukn Al Sahil),Vehicle Maintenance,Vehicle maintenance/repair /?? Tyre Shop (Al Qouz/Al Taqdeer/Rukn Al Sahil),35,Mashreq_Main,business_registered_regular,BR,GST5,Tax Group,Yes
28-04-2024,Personal,Personal - Vehicle Fuel,ENOC/EPPCO,Fuel Station,Vehicle fuel /?? ENOC/EPPCO,127.41,Mashreq_Main,business_registered_regular,BR,GST5,Tax Group,Yes
26-04-2024,Business,Electricity - Business Premises,Dubai Smart Government,Government,Government payment /?? Dubai Smart Government,375,Mashreq_Main,business_registered_regular,BR,GST5,Tax Group,Yes
26-04-2024,Personal,Personal - Vehicle Fuel,ENOC/EPPCO,Fuel Station,Vehicle fuel /?? ENOC/EPPCO,135.02,Mashreq_Main,business_registered_regular,BR,GST5,Tax Group,Yes
26-04-2024,Personal,Personal - Vehicle Fuel,Emarat,Fuel Station,Vehicle fuel /?? Emarat,170,Mashreq_Main,business_registered_regular,BR,GST5,Tax Group,Yes
26-04-2024,Personal,Personal - Vehicle Fuel,ENOC/EPPCO,Fuel Station,Vehicle fuel /?? ENOC/EPPCO,262,Mashreq_Main,business_registered_regular,BR,GST5,Tax Group,Yes
25-04-2024,Personal,Personal - Shopping & Lifestyle,Alhameidi Department Store,Retail,Retail purchase /?? Alhameidi Department Store,93,Mashreq_Main,business_registered_regular,BR,GST5,Tax Group,Yes
24-04-2024,Personal,Personal - Grocery & Household,Nesto Hypermarket,Supermarket,Supermarket purchase /?? Nesto Hypermarket,221.42,Mashreq_Main,business_registered_regular,BR,GST5,Tax Group,Yes
24-04-2024,Personal,Personal - Medical & Pharmacy,Salah Din Medical Fitness,Medical,Medical expense /?? Salah Din Medical Fitness,261.86,Mashreq_Main,business_registered_regular,BR,GST5,Tax Group,Yes
24-04-2024,Personal,Personal - Medical & Pharmacy,Salah Din Medical Fitness,Medical,Medical expense /?? Salah Din Medical Fitness,78.14,Mashreq_Main,business_registered_regular,BR,GST5,Tax Group,Yes
24-04-2024,Personal,Personal - Shopping & Lifestyle,Gifts Village,Retail,Retail purchase /?? Gifts Village,49.05,Mashreq_Main,business_registered_regular,BR,GST5,Tax Group,Yes
23-04-2024,Business,Electricity - Business Premises,Dubai Smart Government,Government,Government payment /?? Dubai Smart Government,95,Mashreq_Main,business_registered_regular,BR,GST5,Tax Group,Yes
23-04-2024,Business,Miscellaneous Business Expenses,Alhind & Middle East Exchange,Money Exchange,Currency exchange /?? Alhind & Middle East Exchange,1208.01,Mashreq_Main,business_registered_regular,BR,GST5,Tax Group,Yes
23-04-2024,Personal,Personal - Amazon Shopping,Amazon,Online Marketplace,Online shopping /?? Amazon,54.53,Mashreq_Main,business_registered_regular,BR,GST5,Tax Group,Yes
23-04-2024,Personal,Personal - Vehicle Fuel,ENOC/EPPCO,Fuel Station,Vehicle fuel /?? ENOC/EPPCO,125.02,Mashreq_Main,business_registered_regular,BR,GST5,Tax Group,Yes
23-04-2024,Business,Vehicle Registration & Insurance,Gargash Insurance,Insurance,Insurance payment /?? Gargash Insurance,1400.7,Mashreq_Main,business_registered_regular,BR,GST5,Tax Group,Yes
22-04-2024,Business,Electricity - Business Premises,Dubai Smart Government,Government,Government payment /?? Dubai Smart Government,50,Mashreq_Main,business_registered_regular,BR,GST5,Tax Group,Yes
22-04-2024,Business,Electricity - Business Premises,Dubai Smart Government,Government,Government payment /?? Dubai Smart Government,442.95,Mashreq_Main,business_registered_regular,BR,GST5,Tax Group,Yes
21-04-2024,Business,It Hardware & Accessories,Apple,Electronics,Electronics purchase /?? Apple,1719,Mashreq_Main,business_registered_regular,BR,GST5,Tax Group,Yes
21-04-2024,Personal,Personal - Food & Dining,Reel Entertainment,Leisure,Leisure/entertainment /?? Reel Entertainment,55,Mashreq_Main,business_registered_regular,BR,GST5,Tax Group,Yes
21-04-2024,Personal,Personal - Grocery & Household,Al Bawadi Supermarket,Supermarket,Supermarket purchase /?? Al Bawadi Supermarket,29,Mashreq_Main,business_registered_regular,BR,GST5,Tax Group,Yes
21-04-2024,Personal,Personal - Grocery & Household,ABC Supermarket,Supermarket,Supermarket purchase /?? ABC Supermarket,79.5,Mashreq_Main,business_registered_regular,BR,GST5,Tax Group,Yes
20-04-2024,Personal,Personal - Vehicle Fuel,ENOC/EPPCO,Fuel Station,Vehicle fuel /?? ENOC/EPPCO,120.02,Mashreq_Main,business_registered_regular,BR,GST5,Tax Group,Yes
19-04-2024,Personal,Personal - Vehicle Maintenance,Fine Tools Equipment & Trading,Tools & Equipment,Tools & equipment purchase /?? Fine Tools Equipment & Trading,141.75,Mashreq_Main,business_registered_regular,BR,GST5,Tax Group,Yes
18-04-2024,Personal,Personal - Grocery & Household,Al Bawadi Supermarket,Supermarket,Supermarket purchase /?? Al Bawadi Supermarket,31.5,Mashreq_Main,business_registered_regular,BR,GST5,Tax Group,Yes
17-04-2024,Personal,Personal - Miscellaneous,A B Print House,Printing & Stationery,Printing & stationery /?? A B Print House,3.51,Mashreq_Main,business_registered_regular,BR,GST5,Tax Group,Yes
16-04-2024,Personal,Personal - Grocery & Household,Safartas Supermarket,Supermarket,Supermarket purchase /?? Safartas Supermarket,17.75,Mashreq_Main,business_registered_regular,BR,GST5,Tax Group,Yes
15-04-2024,Personal,Personal - Grocery & Household,Safartas Supermarket,Supermarket,Supermarket purchase /?? Safartas Supermarket,20.5,Mashreq_Main,business_registered_regular,BR,GST5,Tax Group,Yes
15-04-2024,Personal,Personal - Shopping & Lifestyle,Grand City Mall,Shopping Mall,Shopping mall purchase /?? Grand City Mall,49,Mashreq_Main,business_registered_regular,BR,GST5,Tax Group,Yes
15-04-2024,Personal,Personal - Vehicle Fuel,ADNOC,Fuel Station,Vehicle fuel /?? ADNOC,130.02,Mashreq_Main,business_registered_regular,BR,GST5,Tax Group,Yes
14-04-2024,Business,Mobile & Telecom - Business,Virgin Mobile UAE,Telecom,Telecom / mobile bill /?? Virgin Mobile UAE,50,Mashreq_Main,business_registered_regular,BR,GST5,Tax Group,Yes
14-04-2024,Personal,Personal - Amazon Shopping,Amazon,Online Marketplace,Online shopping /?? Amazon,70,Mashreq_Main,business_registered_regular,BR,GST5,Tax Group,Yes
13-04-2024,Business,Bank & Card Annual Fees,Card Fee/EMI/VAT Adjustment,Card Adjustment,Card adjustment/refund /?? Card Fee/EMI/VAT Adjustment,149,Mashreq_Main,business_registered_regular,BR,GST5,Tax Group,Yes
13-04-2024,Business,Bank & Card Annual Fees,Card Fee/EMI/VAT Adjustment,Card Adjustment,Card adjustment/refund /?? Card Fee/EMI/VAT Adjustment,7.45,Mashreq_Main,business_registered_regular,BR,GST5,Tax Group,Yes
13-04-2024,Business,Electricity - Business Premises,Dubai Smart Government,Government,Government payment /?? Dubai Smart Government,100,Mashreq_Main,business_registered_regular,BR,GST5,Tax Group,Yes
13-04-2024,Personal,Personal - Amazon Shopping,Amazon,Online Marketplace,Online shopping /?? Amazon,237.01,Mashreq_Main,business_registered_regular,BR,GST5,Tax Group,Yes
12-04-2024,Personal,Personal - Grocery & Household,Nesto Hypermarket,Supermarket,Supermarket purchase /?? Nesto Hypermarket,349.08,Mashreq_Main,business_registered_regular,BR,GST5,Tax Group,Yes
11-04-2024,Business,Electricity - Business Premises,Dubai Smart Government,Government,Government payment /?? Dubai Smart Government,50,Mashreq_Main,business_registered_regular,BR,GST5,Tax Group,Yes
11-04-2024,Personal,Personal - Grocery & Household,Al Bawadi Supermarket,Supermarket,Supermarket purchase /?? Al Bawadi Supermarket,53.75,Mashreq_Main,business_registered_regular,BR,GST5,Tax Group,Yes
11-04-2024,Personal,Personal - Home Electricity,SEWA (Sharjah Electricity & Water Authority),Utility,Utility bill /?? SEWA (Sharjah Electricity & Water Authority),420.18,Mashreq_Main,business_registered_regular,BR,GST5,Tax Group,Yes
11-04-2024,Personal,Personal - Shopping & Lifestyle,Qamar Al Zaman Beauty,Salon/Beauty,Salon/beauty service /?? Qamar Al Zaman Beauty,115,Mashreq_Main,business_registered_regular,BR,GST5,Tax Group,Yes
10-04-2024,Personal,Personal - Vehicle Fuel,ENOC/EPPCO,Fuel Station,Vehicle fuel /?? ENOC/EPPCO,130.84,Mashreq_Main,business_registered_regular,BR,GST5,Tax Group,Yes
09-04-2024,Personal,Personal - Miscellaneous,Payment Al Quoz Branch (Bank Counter),Bank/Cash,Cash/bank transaction /?? Payment Al Quoz Branch (Bank Counter),0,Mashreq_Main,business_registered_regular,BR,GST5,Tax Group,Yes
08-04-2024,Personal,Personal - Food & Dining,Jabal Lebanan Al Jadeed Restaurant,Restaurant,Restaurant / dining /?? Jabal Lebanan Al Jadeed Restaurant,65,Mashreq_Main,business_registered_regular,BR,GST5,Tax Group,Yes
06-04-2024,Personal,Personal - Amazon Shopping,Amazon,Online Marketplace,Online shopping /?? Amazon,186.66,Mashreq_Main,business_registered_regular,BR,GST5,Tax Group,Yes
06-04-2024,Personal,Personal - Grocery & Household,Al Bawadi Supermarket,Supermarket,Supermarket purchase /?? Al Bawadi Supermarket,44.5,Mashreq_Main,business_registered_regular,BR,GST5,Tax Group,Yes
05-04-2024,Personal,Personal - Grocery & Household,Nesto Hypermarket,Supermarket,Supermarket purchase /?? Nesto Hypermarket,344.05,Mashreq_Main,business_registered_regular,BR,GST5,Tax Group,Yes
05-04-2024,Personal,Personal - Shopping & Lifestyle,Alhameidi Department Store,Retail,Retail purchase /?? Alhameidi Department Store,67,Mashreq_Main,business_registered_regular,BR,GST5,Tax Group,Yes
04-04-2024,Personal,Personal - Amazon Shopping,Amazon,Online Marketplace,Online shopping /?? Amazon,104.41,Mashreq_Main,business_registered_regular,BR,GST5,Tax Group,Yes
04-04-2024,Personal,Personal - Vehicle Fuel,Emarat,Fuel Station,Vehicle fuel /?? Emarat,130.01,Mashreq_Main,business_registered_regular,BR,GST5,Tax Group,Yes
03-04-2024,Business,Miscellaneous Business Expenses,Alhind & Middle East Exchange,Money Exchange,Currency exchange /?? Alhind & Middle East Exchange,2834.74,Mashreq_Main,business_registered_regular,BR,GST5,Tax Group,Yes
01-04-2024,Personal,Personal - Vehicle Fuel,ENOC/EPPCO,Fuel Station,Vehicle fuel /?? ENOC/EPPCO,125.02,Mashreq_Main,business_registered_regular,BR,GST5,Tax Group,Yes
01-04-2024,Business,Software Subscriptions - Business,Google Workspace,Software/Cloud,Software/cloud subscription /?? Google Workspace,38.21,Mashreq_Main,business_registered_regular,BR,GST5,Tax Group,Yes
01-04-2024,Business,Software Subscriptions - Business,Google,Software/Cloud,Software/cloud subscription /?? Google,24.16,Mashreq_Main,business_registered_regular,BR,GST5,Tax Group,Yes
31-03-2024,Personal,Personal - Grocery & Household,Every Day Fresh Hypermarket,Supermarket,Supermarket purchase /?? Every Day Fresh Hypermarket,30.3,Mashreq_Main,business_registered_regular,BR,GST5,Tax Group,Yes
31-03-2024,Personal,Personal - Grocery & Household,Al Bawadi Supermarket,Supermarket,Supermarket purchase /?? Al Bawadi Supermarket,26.5,Mashreq_Main,business_registered_regular,BR,GST5,Tax Group,Yes
30-03-2024,Personal,Personal - Amazon Shopping,Amazon,Online Marketplace,Online shopping /?? Amazon,105.27,Mashreq_Main,business_registered_regular,BR,GST5,Tax Group,Yes
30-03-2024,Personal,Personal - Grocery & Household,Nesto Hypermarket,Supermarket,Supermarket purchase /?? Nesto Hypermarket,395.55,Mashreq_Main,business_registered_regular,BR,GST5,Tax Group,Yes
29-03-2024,Business,Mobile & Telecom - Business,Virgin Mobile UAE,Telecom,Telecom / mobile bill /?? Virgin Mobile UAE,20,Mashreq_Main,business_registered_regular,BR,GST5,Tax Group,Yes
29-03-2024,Personal,Personal - Amazon Shopping,Amazon,Online Marketplace,Online shopping /?? Amazon,211.92,Mashreq_Main,business_registered_regular,BR,GST5,Tax Group,Yes
29-03-2024,Personal,Personal - Grocery & Household,Lulu Hypermarket,Supermarket,Supermarket purchase /?? Lulu Hypermarket,68.15,Mashreq_Main,business_registered_regular,BR,GST5,Tax Group,Yes
28-03-2024,Personal,Personal - Grocery & Household,Safartas Supermarket,Supermarket,Supermarket purchase /?? Safartas Supermarket,62,Mashreq_Main,business_registered_regular,BR,GST5,Tax Group,Yes
28-03-2024,Personal,Personal - Vehicle Fuel,ADNOC,Fuel Station,Vehicle fuel /?? ADNOC,120.39,Mashreq_Main,business_registered_regular,BR,GST5,Tax Group,Yes
27-03-2024,Personal,Personal - Food & Dining,Jabal Lebanan Al Jadeed Restaurant,Restaurant,Restaurant / dining /?? Jabal Lebanan Al Jadeed Restaurant,57,Mashreq_Main,business_registered_regular,BR,GST5,Tax Group,Yes
27-03-2024,Business,Vat Payment To Fta,Federal Tax Authority (FTA),Government / VAT,VAT payment /?? Federal Tax Authority (FTA),9108.78,Mashreq_Main,business_registered_regular,BR,GST5,Tax Group,Yes
26-03-2024,Business,Mobile & Telecom - Business,DU,Telecom,Telecom / mobile bill /?? DU,10,Mashreq_Main,business_registered_regular,BR,GST5,Tax Group,Yes
26-03-2024,Personal,Personal - Medical & Pharmacy,Cristal Pharmacy,Pharmacy,Pharmacy purchase /?? Cristal Pharmacy,21,Mashreq_Main,business_registered_regular,BR,GST5,Tax Group,Yes
26-03-2024,Personal,Personal - Parking & Salik,National Parking Company,Parking/Salik,Parking / Salik toll /?? National Parking Company,15,Mashreq_Main,business_registered_regular,BR,GST5,Tax Group,Yes
26-03-2024,Personal,Personal - Vehicle Fuel,ENOC/EPPCO,Fuel Station,Vehicle fuel /?? ENOC/EPPCO,125.01,Mashreq_Main,business_registered_regular,BR,GST5,Tax Group,Yes
24-03-2024,Business,General Maintenance & Repairs,Laspinas Building Materials,Maintenance/Repairs,Maintenance/repairs /?? Laspinas Building Materials,88.2,Mashreq_Main,business_registered_regular,BR,GST5,Tax Group,Yes
23-03-2024,Personal,Personal - Vehicle Fuel,ENOC/EPPCO,Fuel Station,Vehicle fuel /?? ENOC/EPPCO,130.06,Mashreq_Main,business_registered_regular,BR,GST5,Tax Group,Yes
22-03-2024,Business,Miscellaneous Business Expenses,Alhind & Middle East Exchange,Money Exchange,Currency exchange /?? Alhind & Middle East Exchange,1310.32,Mashreq_Main,business_registered_regular,BR,GST5,Tax Group,Yes
21-03-2024,Personal,Personal - Grocery & Household,Nesto Hypermarket,Supermarket,Supermarket purchase /?? Nesto Hypermarket,356.59,Mashreq_Main,business_registered_regular,BR,GST5,Tax Group,Yes
20-03-2024,Personal,Personal - Shopping & Lifestyle,Alhameidi Department Store,Retail,Retail purchase /?? Alhameidi Department Store,52,Mashreq_Main,business_registered_regular,BR,GST5,Tax Group,Yes
20-03-2024,Personal,Personal - Vehicle Fuel,ENOC/EPPCO,Fuel Station,Vehicle fuel /?? ENOC/EPPCO,115.05,Mashreq_Main,business_registered_regular,BR,GST5,Tax Group,Yes
20-03-2024,Personal,Personal - Vehicle Maintenance,Marwan Saeed Auto Care,Vehicle Maintenance,Vehicle maintenance/repair /?? Marwan Saeed Auto Care,15.75,Mashreq_Main,business_registered_regular,BR,GST5,Tax Group,Yes
20-03-2024,Business,Printing & Stationery,A B Print House,Printing & Stationery,Printing & stationery /?? A B Print House,7.99,Mashreq_Main,business_registered_regular,BR,GST5,Tax Group,Yes
19-03-2024,Personal,Personal - Shopping & Lifestyle,Al Taqdeer Smoking,Retail,Retail purchase /?? Al Taqdeer Smoking,60,Mashreq_Main,business_registered_regular,BR,GST5,Tax Group,Yes
18-03-2024,Business,Electricity - Business Premises,Dubai Smart Government,Government,Government payment /?? Dubai Smart Government,442.95,Mashreq_Main,business_registered_regular,BR,GST5,Tax Group,Yes
18-03-2024,Personal,Personal - Vehicle Fuel,ENOC/EPPCO,Fuel Station,Vehicle fuel /?? ENOC/EPPCO,127.02,Mashreq_Main,business_registered_regular,BR,GST5,Tax Group,Yes
16-03-2024,Personal,Personal - Food & Dining,Talabat,Food Delivery,Food delivery /?? Talabat,46.37,Mashreq_Main,business_registered_regular,BR,GST5,Tax Group,Yes
16-03-2024,Personal,Personal - Grocery & Household,Every Day Fresh Hypermarket,Supermarket,Supermarket purchase /?? Every Day Fresh Hypermarket,3.16,Mashreq_Main,business_registered_regular,BR,GST5,Tax Group,Yes
16-03-2024,Personal,Personal - Grocery & Household,Al Bawadi Supermarket,Supermarket,Supermarket purchase /?? Al Bawadi Supermarket,27.75,Mashreq_Main,business_registered_regular,BR,GST5,Tax Group,Yes
16-03-2024,Personal,Personal - Grocery & Household,Every Day Fresh Hypermarket,Supermarket,Supermarket purchase /?? Every Day Fresh Hypermarket,81.32,Mashreq_Main,business_registered_regular,BR,GST5,Tax Group,Yes
15-03-2024,Business,Electricity - Business Premises,Dubai Smart Government,Government,Government payment /?? Dubai Smart Government,50,Mashreq_Main,business_registered_regular,BR,GST5,Tax Group,Yes
15-03-2024,Business,Electricity - Business Premises,Dubai Smart Government,Government,Government payment /?? Dubai Smart Government,50,Mashreq_Main,business_registered_regular,BR,GST5,Tax Group,Yes
15-03-2024,Personal,Personal - Food & Dining,Talabat,Food Delivery,Food delivery /?? Talabat,55.99,Mashreq_Main,business_registered_regular,BR,GST5,Tax Group,Yes
14-03-2024,Personal,Personal - Vehicle Fuel,ADNOC,Fuel Station,Vehicle fuel /?? ADNOC,125.15,Mashreq_Main,business_registered_regular,BR,GST5,Tax Group,Yes
14-03-2024,Business,Taxi & Parking - Business,Dubai Smart Government,Government,Government payment /?? Dubai Smart Government,3,Mashreq_Main,business_registered_regular,BR,GST5,Tax Group,Yes
14-03-2024,Business,Taxi & Parking - Business,Dubai Smart Government,Government,Government payment /?? Dubai Smart Government,2,Mashreq_Main,business_registered_regular,BR,GST5,Tax Group,Yes
12-03-2024,Personal,Personal - Vehicle Fuel,ENOC/EPPCO,Fuel Station,Vehicle fuel /?? ENOC/EPPCO,120.98,Mashreq_Main,business_registered_regular,BR,GST5,Tax Group,Yes
11-03-2024,Personal,Personal - Grocery & Household,Masafi,Grocery/Water,Grocery/drinking water /?? Masafi,400,Mashreq_Main,business_registered_regular,BR,GST5,Tax Group,Yes
11-03-2024,Personal,Personal - Grocery & Household,Lulu Hypermarket,Supermarket,Supermarket purchase /?? Lulu Hypermarket,300.15,Mashreq_Main,business_registered_regular,BR,GST5,Tax Group,Yes
11-03-2024,Personal,Personal - Shopping & Lifestyle,Al Adil Trading,Supermarket,Supermarket purchase /?? Al Adil Trading,181.4,Mashreq_Main,business_registered_regular,BR,GST5,Tax Group,Yes
11-03-2024,Personal,Personal - Shopping & Lifestyle,Tyre Shop (Al Qouz/Al Taqdeer/Rukn Al Sahil),Vehicle Maintenance,Vehicle maintenance/repair /?? Tyre Shop (Al Qouz/Al Taqdeer/Rukn Al Sahil),30,Mashreq_Main,business_registered_regular,BR,GST5,Tax Group,Yes
10-03-2024,Business,Miscellaneous Business Expenses,Alhind & Middle East Exchange,Money Exchange,Currency exchange /?? Alhind & Middle East Exchange,537.88,Mashreq_Main,business_registered_regular,BR,GST5,Tax Group,Yes
10-03-2024,Personal,Personal - Grocery & Household,Al Bawadi Supermarket,Supermarket,Supermarket purchase /?? Al Bawadi Supermarket,21.25,Mashreq_Main,business_registered_regular,BR,GST5,Tax Group,Yes
09-03-2024,Personal,Personal - Vehicle Maintenance,The Master Auto,Vehicle Maintenance,Vehicle maintenance/repair /?? The Master Auto,400,Mashreq_Main,business_registered_regular,BR,GST5,Tax Group,Yes
08-03-2024,Personal,Personal - Grocery & Household,Al Bawadi Supermarket,Supermarket,Supermarket purchase /?? Al Bawadi Supermarket,28,Mashreq_Main,business_registered_regular,BR,GST5,Tax Group,Yes
08-03-2024,Personal,Personal - Vehicle Fuel,ENOC/EPPCO,Fuel Station,Vehicle fuel /?? ENOC/EPPCO,122.06,Mashreq_Main,business_registered_regular,BR,GST5,Tax Group,Yes
07-03-2024,Personal,Personal - Air Travel,Air Arabia,Airline,Air travel booking /?? Air Arabia,7,Mashreq_Main,business_registered_regular,BR,GST5,Tax Group,Yes
07-03-2024,Personal,Personal - Shopping & Lifestyle,Tyre Shop (Al Qouz/Al Taqdeer/Rukn Al Sahil),Vehicle Maintenance,Vehicle maintenance/repair /?? Tyre Shop (Al Qouz/Al Taqdeer/Rukn Al Sahil),20,Mashreq_Main,business_registered_regular,BR,GST5,Tax Group,Yes
07-03-2024,Personal,Personal - Travel & Conveyance,Sharjah Taxi,Transport,Transport/taxi /?? Sharjah Taxi,72.5,Mashreq_Main,business_registered_regular,BR,GST5,Tax Group,Yes
06-03-2024,Personal,Personal - Miscellaneous,Payment Al Quoz Branch (Bank Counter),Bank/Cash,Cash/bank transaction /?? Payment Al Quoz Branch (Bank Counter),0,Mashreq_Main,business_registered_regular,BR,GST5,Tax Group,Yes
06-03-2024,Personal,Personal - Vehicle Fuel,ENOC/EPPCO,Fuel Station,Vehicle fuel /?? ENOC/EPPCO,120.01,Mashreq_Main,business_registered_regular,BR,GST5,Tax Group,Yes
04-03-2024,Business,Electricity - Business Premises,Dubai Smart Government,Government,Government payment /?? Dubai Smart Government,50,Mashreq_Main,business_registered_regular,BR,GST5,Tax Group,Yes
04-03-2024,Personal,Personal - Vehicle Fuel,ENOC/EPPCO,Fuel Station,Vehicle fuel /?? ENOC/EPPCO,105,Mashreq_Main,business_registered_regular,BR,GST5,Tax Group,Yes
02-03-2024,Personal,Personal - Vehicle Fuel,ADNOC,Fuel Station,Vehicle fuel /?? ADNOC,119.02,Mashreq_Main,business_registered_regular,BR,GST5,Tax Group,Yes
01-03-2024,Business,Software Subscriptions - Business,Google,Software/Cloud,Software/cloud subscription /?? Google,21.58,Mashreq_Main,business_registered_regular,BR,GST5,Tax Group,Yes
29-02-2024,Personal,Personal - Air Travel,Air Arabia,Airline,Air travel booking /?? Air Arabia,1028.41,Mashreq_Main,business_registered_regular,BR,GST5,Tax Group,Yes
29-02-2024,Personal,Personal - Vehicle Fuel,ENOC/EPPCO,Fuel Station,Vehicle fuel /?? ENOC/EPPCO,125,Mashreq_Main,business_registered_regular,BR,GST5,Tax Group,Yes
28-02-2024,Personal,Personal - Medical & Pharmacy,Salah Din Medical Fitness,Medical,Medical expense /?? Salah Din Medical Fitness,78.14,Mashreq_Main,business_registered_regular,BR,GST5,Tax Group,Yes
28-02-2024,Business,Post & Courier,Emirates Post,Post & Courier,Courier/postage /?? Emirates Post,252.5,Mashreq_Main,business_registered_regular,BR,GST5,Tax Group,Yes
28-02-2024,Business,Printing & Stationery,Rapid Pro Typing Services,Printing & Stationery,Printing & stationery /?? Rapid Pro Typing Services,261.86,Mashreq_Main,business_registered_regular,BR,GST5,Tax Group,Yes
27-02-2024,Personal,Personal - Vehicle Fuel,ENOC/EPPCO,Fuel Station,Vehicle fuel /?? ENOC/EPPCO,120,Mashreq_Main,business_registered_regular,BR,GST5,Tax Group,Yes
26-02-2024,Business,Printing & Stationery,A B Print House,Printing & Stationery,Printing & stationery /?? A B Print House,5.74,Mashreq_Main,business_registered_regular,BR,GST5,Tax Group,Yes
25-02-2024,Business,Electricity - Business Premises,Dubai Smart Government,Government,Government payment /?? Dubai Smart Government,50,Mashreq_Main,business_registered_regular,BR,GST5,Tax Group,Yes
25-02-2024,Personal,Personal - Grocery & Household,ABC Supermarket,Supermarket,Supermarket purchase /?? ABC Supermarket,44,Mashreq_Main,business_registered_regular,BR,GST5,Tax Group,Yes
24-02-2024,Personal,Personal - Vehicle Fuel,ENOC/EPPCO,Fuel Station,Vehicle fuel /?? ENOC/EPPCO,105.05,Mashreq_Main,business_registered_regular,BR,GST5,Tax Group,Yes
22-02-2024,Personal,Personal - Home Electricity,SEWA (Sharjah Electricity & Water Authority),Utility,Utility bill /?? SEWA (Sharjah Electricity & Water Authority),866.7,Mashreq_Main,business_registered_regular,BR,GST5,Tax Group,Yes
22-02-2024,Personal,Personal - Vehicle Fuel,ENOC/EPPCO,Fuel Station,Vehicle fuel /?? ENOC/EPPCO,100.02,Mashreq_Main,business_registered_regular,BR,GST5,Tax Group,Yes
21-02-2024,Personal,Personal - Shopping & Lifestyle,Gift City General Trading,Retail,Retail purchase /?? Gift City General Trading,60,Mashreq_Main,business_registered_regular,BR,GST5,Tax Group,Yes
20-02-2024,Personal,Personal - Vehicle Fuel,ENOC/EPPCO,Fuel Station,Vehicle fuel /?? ENOC/EPPCO,120.72,Mashreq_Main,business_registered_regular,BR,GST5,Tax Group,Yes
19-02-2024,Business,Printing & Stationery,A B Print House,Printing & Stationery,Printing & stationery /?? A B Print House,3.75,Mashreq_Main,business_registered_regular,BR,GST5,Tax Group,Yes
17-02-2024,Personal,Personal - Shopping & Lifestyle,Jovintos Trading,Retail,Retail purchase /?? Jovintos Trading,36.75,Mashreq_Main,business_registered_regular,BR,GST5,Tax Group,Yes
17-02-2024,Personal,Personal - Vehicle Fuel,ENOC/EPPCO,Fuel Station,Vehicle fuel /?? ENOC/EPPCO,120.83,Mashreq_Main,business_registered_regular,BR,GST5,Tax Group,Yes
17-02-2024,Personal,Personal - Vehicle Maintenance,The Master Auto,Vehicle Maintenance,Vehicle maintenance/repair /?? The Master Auto,350,Mashreq_Main,business_registered_regular,BR,GST5,Tax Group,Yes
16-02-2024,Personal,Personal - Shopping & Lifestyle,Alhameidi Department Store,Retail,Retail purchase /?? Alhameidi Department Store,85,Mashreq_Main,business_registered_regular,BR,GST5,Tax Group,Yes
15-02-2024,Business,Mobile & Telecom - Business,Etisalat (e&),Telecom,Telecom / mobile bill /?? Etisalat (e&),443.58,Mashreq_Main,business_registered_regular,BR,GST5,Tax Group,Yes
15-02-2024,Personal,Personal - Miscellaneous,Jubily Supermarket,Supermarket,Supermarket purchase /?? Jubily Supermarket,30,Mashreq_Main,business_registered_regular,BR,GST5,Tax Group,Yes
14-02-2024,Personal,Personal - Vehicle Fuel,ENOC/EPPCO,Fuel Station,Vehicle fuel /?? ENOC/EPPCO,115.05,Mashreq_Main,business_registered_regular,BR,GST5,Tax Group,Yes
14-02-2024,Business,Printing & Stationery,A B Print House,Printing & Stationery,Printing & stationery /?? A B Print House,5.99,Mashreq_Main,business_registered_regular,BR,GST5,Tax Group,Yes
13-02-2024,Personal,Personal - Travel & Conveyance,Dubai Taxi,Transport,Transport/taxi /?? Dubai Taxi,13,Mashreq_Main,business_registered_regular,BR,GST5,Tax Group,Yes
12-02-2024,Personal,Personal - Shopping & Lifestyle,Dufry (Duty Free),Retail,Retail purchase /?? Dufry (Duty Free),72,Mashreq_Main,business_registered_regular,BR,GST5,Tax Group,Yes
11-02-2024,Business,Electricity - Business Premises,Dubai Smart Government,Government,Government payment /?? Dubai Smart Government,50,Mashreq_Main,business_registered_regular,BR,GST5,Tax Group,Yes
11-02-2024,Business,Electricity - Business Premises,Dubai Smart Government,Government,Government payment /?? Dubai Smart Government,50,Mashreq_Main,business_registered_regular,BR,GST5,Tax Group,Yes
11-02-2024,Personal,Personal - Grocery & Household,Day To Day Supermarket,Supermarket,Supermarket purchase /?? Day To Day Supermarket,84.43,Mashreq_Main,business_registered_regular,BR,GST5,Tax Group,Yes
11-02-2024,Personal,Personal - Shopping & Lifestyle,Al Taqdeer Smoking,Retail,Retail purchase /?? Al Taqdeer Smoking,35,Mashreq_Main,business_registered_regular,BR,GST5,Tax Group,Yes
11-02-2024,Personal,Personal - Vehicle Fuel,ENOC/EPPCO,Fuel Station,Vehicle fuel /?? ENOC/EPPCO,125,Mashreq_Main,business_registered_regular,BR,GST5,Tax Group,Yes
10-02-2024,Personal,Personal - Grocery & Household,Al Bawadi Supermarket,Supermarket,Supermarket purchase /?? Al Bawadi Supermarket,19.75,Mashreq_Main,business_registered_regular,BR,GST5,Tax Group,Yes
09-02-2024,Personal,Personal - Miscellaneous,Payment Al Quoz Branch (Bank Counter),Bank/Cash,Cash/bank transaction /?? Payment Al Quoz Branch (Bank Counter),0,Mashreq_Main,business_registered_regular,BR,GST5,Tax Group,Yes
09-02-2024,Personal,Personal - Shopping & Lifestyle,Green Gift Department Store,Retail,Retail purchase /?? Green Gift Department Store,69,Mashreq_Main,business_registered_regular,BR,GST5,Tax Group,Yes
08-02-2024,Personal,Personal - Air Travel,Air Arabia,Airline,Air travel booking /?? Air Arabia,578.33,Mashreq_Main,business_registered_regular,BR,GST5,Tax Group,Yes
08-02-2024,Personal,Personal - Grocery & Household,Al Bawadi Supermarket,Supermarket,Supermarket purchase /?? Al Bawadi Supermarket,7.5,Mashreq_Main,business_registered_regular,BR,GST5,Tax Group,Yes
08-02-2024,Business,Printing & Stationery,A B Print House,Printing & Stationery,Printing & stationery /?? A B Print House,4,Mashreq_Main,business_registered_regular,BR,GST5,Tax Group,Yes
07-02-2024,Business,Miscellaneous Business Expenses,Alhind & Middle East Exchange,Money Exchange,Currency exchange /?? Alhind & Middle East Exchange,1034.08,Mashreq_Main,business_registered_regular,BR,GST5,Tax Group,Yes
07-02-2024,Personal,Personal - Vehicle Fuel,ENOC/EPPCO,Fuel Station,Vehicle fuel /?? ENOC/EPPCO,115.01,Mashreq_Main,business_registered_regular,BR,GST5,Tax Group,Yes
05-02-2024,Personal,Personal - Shopping & Lifestyle,Al Taqdeer Smoking,Retail,Retail purchase /?? Al Taqdeer Smoking,35,Mashreq_Main,business_registered_regular,BR,GST5,Tax Group,Yes
04-02-2024,Personal,Personal - Grocery & Household,Al Bawadi Supermarket,Supermarket,Supermarket purchase /?? Al Bawadi Supermarket,13.5,Mashreq_Main,business_registered_regular,BR,GST5,Tax Group,Yes
04-02-2024,Personal,Personal - Vehicle Fuel,ADNOC,Fuel Station,Vehicle fuel /?? ADNOC,125.03,Mashreq_Main,business_registered_regular,BR,GST5,Tax Group,Yes
03-02-2024,Personal,Personal - Amazon Shopping,Amazon,Online Marketplace,Online shopping /?? Amazon,0.07,Mashreq_Main,business_registered_regular,BR,GST5,Tax Group,Yes
02-02-2024,Personal,Personal - Miscellaneous,Nasamat Al Madina Supermarket,Supermarket,Supermarket purchase /?? Nasamat Al Madina Supermarket,103,Mashreq_Main,business_registered_regular,BR,GST5,Tax Group,Yes
02-02-2024,Business,Printing & Stationery,A B Print House,Printing & Stationery,Printing & stationery /?? A B Print House,6.05,Mashreq_Main,business_registered_regular,BR,GST5,Tax Group,Yes
01-02-2024,Business,Software Subscriptions - Business,Google,Software/Cloud,Software/cloud subscription /?? Google,21.64,Mashreq_Main,business_registered_regular,BR,GST5,Tax Group,Yes
31-01-2024,Personal,Personal - Medical & Pharmacy,Go Dental Clinic,Medical,Medical expense /?? Go Dental Clinic,500,Mashreq_Main,business_registered_regular,BR,GST5,Tax Group,Yes
31-01-2024,Personal,Personal - Vehicle Fuel,ADNOC,Fuel Station,Vehicle fuel /?? ADNOC,105.01,Mashreq_Main,business_registered_regular,BR,GST5,Tax Group,Yes
29-01-2024,Personal,Personal - Amazon Shopping,Amazon,Online Marketplace,Online shopping /?? Amazon,60.06,Mashreq_Main,business_registered_regular,BR,GST5,Tax Group,Yes
29-01-2024,Personal,Personal - Grocery & Household,Nesto Hypermarket,Supermarket,Supermarket purchase /?? Nesto Hypermarket,233.6,Mashreq_Main,business_registered_regular,BR,GST5,Tax Group,Yes
29-01-2024,Personal,Personal - Shopping & Lifestyle,Al Adil Trading,Supermarket,Supermarket purchase /?? Al Adil Trading,116.25,Mashreq_Main,business_registered_regular,BR,GST5,Tax Group,Yes
29-01-2024,Personal,Personal - Vehicle Fuel,ADNOC,Fuel Station,Vehicle fuel /?? ADNOC,250.01,Mashreq_Main,business_registered_regular,BR,GST5,Tax Group,Yes
29-01-2024,Personal,Personal - Vehicle Fuel,ENOC/EPPCO,Fuel Station,Vehicle fuel /?? ENOC/EPPCO,115.04,Mashreq_Main,business_registered_regular,BR,GST5,Tax Group,Yes
28-01-2024,Personal,Personal - Grocery & Household,ABC Supermarket,Supermarket,Supermarket purchase /?? ABC Supermarket,76.5,Mashreq_Main,business_registered_regular,BR,GST5,Tax Group,Yes
28-01-2024,Personal,Personal - Miscellaneous,Nasamat Al Madina Supermarket,Supermarket,Supermarket purchase /?? Nasamat Al Madina Supermarket,38,Mashreq_Main,business_registered_regular,BR,GST5,Tax Group,Yes
26-01-2024,Personal,Personal - Amazon Shopping,Amazon,Online Marketplace,Online shopping /?? Amazon,114.53,Mashreq_Main,business_registered_regular,BR,GST5,Tax Group,Yes
26-01-2024,Personal,Personal - Amazon Shopping,Amazon,Online Marketplace,Online shopping /?? Amazon,118.89,Mashreq_Main,business_registered_regular,BR,GST5,Tax Group,Yes
26-01-2024,Personal,Personal - Miscellaneous,Shaklan Supermarket,Supermarket,Supermarket purchase /?? Shaklan Supermarket,50,Mashreq_Main,business_registered_regular,BR,GST5,Tax Group,Yes
25-01-2024,Personal,Personal - Amazon Shopping,Amazon,Online Marketplace,Online shopping /?? Amazon,167.12,Mashreq_Main,business_registered_regular,BR,GST5,Tax Group,Yes
25-01-2024,Personal,Personal - Vehicle Fuel,ENOC/EPPCO,Fuel Station,Vehicle fuel /?? ENOC/EPPCO,107.07,Mashreq_Main,business_registered_regular,BR,GST5,Tax Group,Yes
24-01-2024,Personal,Personal - Amazon Shopping,Amazon,Online Marketplace,Online shopping /?? Amazon,122.59,Mashreq_Main,business_registered_regular,BR,GST5,Tax Group,Yes
22-01-2024,Business,Electricity - Business Premises,Dubai Smart Government,Government,Government payment /?? Dubai Smart Government,50,Mashreq_Main,business_registered_regular,BR,GST5,Tax Group,Yes
22-01-2024,Personal,Personal - Amazon Shopping,Amazon,Online Marketplace,Online shopping /?? Amazon,76.74,Mashreq_Main,business_registered_regular,BR,GST5,Tax Group,Yes
22-01-2024,Personal,Personal - Vehicle Fuel,ENOC/EPPCO,Fuel Station,Vehicle fuel /?? ENOC/EPPCO,110,Mashreq_Main,business_registered_regular,BR,GST5,Tax Group,Yes
22-01-2024,Business,Printing & Stationery,A B Print House,Printing & Stationery,Printing & stationery /?? A B Print House,6.01,Mashreq_Main,business_registered_regular,BR,GST5,Tax Group,Yes
21-01-2024,Personal,Personal - Amazon Shopping,Amazon,Online Marketplace,Online shopping /?? Amazon,628.18,Mashreq_Main,business_registered_regular,BR,GST5,Tax Group,Yes
21-01-2024,Personal,Personal - Amazon Shopping,Amazon,Online Marketplace,Online shopping /?? Amazon,54.74,Mashreq_Main,business_registered_regular,BR,GST5,Tax Group,Yes
20-01-2024,Personal,Personal - Grocery & Household,Al Bawadi Supermarket,Supermarket,Supermarket purchase /?? Al Bawadi Supermarket,26,Mashreq_Main,business_registered_regular,BR,GST5,Tax Group,Yes
20-01-2024,Personal,Personal - Grocery & Household,Nesto Hypermarket,Supermarket,Supermarket purchase /?? Nesto Hypermarket,136.8,Mashreq_Main,business_registered_regular,BR,GST5,Tax Group,Yes
19-01-2024,Business,General Maintenance & Repairs,Laspinas Building Materials,Maintenance/Repairs,Maintenance/repairs /?? Laspinas Building Materials,46.83,Mashreq_Main,business_registered_regular,BR,GST5,Tax Group,Yes
19-01-2024,Personal,Personal - Amazon Shopping,Amazon,Online Marketplace,Online shopping /?? Amazon,1077.27,Mashreq_Main,business_registered_regular,BR,GST5,Tax Group,Yes
19-01-2024,Personal,Personal - Vehicle Fuel,ENOC/EPPCO,Fuel Station,Vehicle fuel /?? ENOC/EPPCO,120.03,Mashreq_Main,business_registered_regular,BR,GST5,Tax Group,Yes
16-01-2024,Personal,Personal - Amazon Shopping,Amazon,Online Marketplace,Online shopping /?? Amazon,278.99,Mashreq_Main,business_registered_regular,BR,GST5,Tax Group,Yes
16-01-2024,Personal,Personal - Amazon Shopping,Amazon,Online Marketplace,Online shopping /?? Amazon,825.78,Mashreq_Main,business_registered_regular,BR,GST5,Tax Group,Yes
16-01-2024,Personal,Personal - Grocery & Household,Al Bawadi Supermarket,Supermarket,Supermarket purchase /?? Al Bawadi Supermarket,14.5,Mashreq_Main,business_registered_regular,BR,GST5,Tax Group,Yes
15-01-2024,Business,Mobile & Telecom - Business,Etisalat (e&),Telecom,Telecom / mobile bill /?? Etisalat (e&),442.95,Mashreq_Main,business_registered_regular,BR,GST5,Tax Group,Yes
15-01-2024,Personal,Personal - Amazon Shopping,Amazon,Online Marketplace,Online shopping /?? Amazon,17.97,Mashreq_Main,business_registered_regular,BR,GST5,Tax Group,Yes
15-01-2024,Personal,Personal - Vehicle Fuel,ENOC/EPPCO,Fuel Station,Vehicle fuel /?? ENOC/EPPCO,120.03,Mashreq_Main,business_registered_regular,BR,GST5,Tax Group,Yes
12-01-2024,Business,Licensing & Government Fees,Ajman Municipality,Government,Government payment /?? Ajman Municipality,3500,Mashreq_Main,business_registered_regular,BR,GST5,Tax Group,Yes
11-01-2024,Personal,Personal - Vehicle Fuel,ADNOC,Fuel Station,Vehicle fuel /?? ADNOC,120,Mashreq_Main,business_registered_regular,BR,GST5,Tax Group,Yes
10-01-2024,Personal,Personal - Medical & Pharmacy,Salah Din Medical Fitness,Medical,Medical expense /?? Salah Din Medical Fitness,78.14,Mashreq_Main,business_registered_regular,BR,GST5,Tax Group,Yes
10-01-2024,Personal,Personal - Medical & Pharmacy,Salah Din Medical Fitness,Medical,Medical expense /?? Salah Din Medical Fitness,78.14,Mashreq_Main,business_registered_regular,BR,GST5,Tax Group,Yes
10-01-2024,Personal,Personal - Medical & Pharmacy,Rapid Pro Typing Services,Printing & Stationery,Printing & stationery /?? Rapid Pro Typing Services,261.86,Mashreq_Main,business_registered_regular,BR,GST5,Tax Group,Yes
10-01-2024,Personal,Personal - Medical & Pharmacy,Rapid Pro Typing Services,Printing & Stationery,Printing & stationery /?? Rapid Pro Typing Services,261.86,Mashreq_Main,business_registered_regular,BR,GST5,Tax Group,Yes
10-01-2024,Personal,Personal - Miscellaneous,Payment Al Quoz Branch (Bank Counter),Bank/Cash,Cash/bank transaction /?? Payment Al Quoz Branch (Bank Counter),0,Mashreq_Main,business_registered_regular,BR,GST5,Tax Group,Yes
10-01-2024,Personal,Personal - Miscellaneous,A B Print House,Printing & Stationery,Printing & stationery /?? A B Print House,6.74,Mashreq_Main,business_registered_regular,BR,GST5,Tax Group,Yes
09-01-2024,Personal,Personal - Miscellaneous,A B Print House,Printing & Stationery,Printing & stationery /?? A B Print House,3.76,Mashreq_Main,business_registered_regular,BR,GST5,Tax Group,Yes
09-01-2024,Personal,Personal - Vehicle Fuel,ADNOC,Fuel Station,Vehicle fuel /?? ADNOC,114.99,Mashreq_Main,business_registered_regular,BR,GST5,Tax Group,Yes
08-01-2024,Business,Bank & Card Annual Fees,Card Fee/EMI/VAT Adjustment,Card Adjustment,Card adjustment/refund/Card Fee/EMI/VAT Adjustment,149,Mashreq_Main,business_registered_regular,BR,GST5,Tax Group,Yes
08-01-2024,Business,Bank & Card Annual Fees,Card Fee/EMI/VAT Adjustment,Card Adjustment,Card adjustment/refund /?? Card Fee/EMI/VAT Adjustment,7.45,Mashreq_Main,business_registered_regular,BR,GST5,Tax Group,Yes
08-01-2024,Personal,Personal - Grocery & Household,Nesto Hypermarket,Supermarket,Supermarket purchase /?? Nesto Hypermarket,510.31,Mashreq_Main,business_registered_regular,BR,GST5,Tax Group,Yes
08-01-2024,Business,Vehicle Fines - Business,Saaed (Traffic Fines System),Government / Fines,Traffic/government fine /?? Saaed (Traffic Fines System),453,Mashreq_Main,business_registered_regular,BR,GST5,Tax Group,Yes
07-01-2024,Business,Electricity - Business Premises,Dubai Smart Government,Government,Government payment /?? Dubai Smart Government,50,Mashreq_Main,business_registered_regular,BR,GST5,Tax Group,Yes
07-01-2024,Business,Electricity - Business Premises,Dubai Smart Government,Government,Government payment /?? Dubai Smart Government,50,Mashreq_Main,business_registered_regular,BR,GST5,Tax Group,Yes
07-01-2024,Personal,Personal - Vehicle Fuel,ENOC/EPPCO,Fuel Station,Vehicle fuel /?? ENOC/EPPCO,110.03,Mashreq_Main,business_registered_regular,BR,GST5,Tax Group,Yes
06-01-2024,Personal,Personal - Miscellaneous,A B Print House,Printing & Stationery,Printing & stationery /?? A B Print House,5.25,Mashreq_Main,business_registered_regular,BR,GST5,Tax Group,Yes
05-01-2024,Business,Vehicle Fines - Business,Saaed (Traffic Fines System),Government / Fines,Traffic/government fine /?? Saaed (Traffic Fines System),103,Mashreq_Main,business_registered_regular,BR,GST5,Tax Group,Yes
05-01-2024,Business,Vehicle Registration & Insurance,Sukoon Insurance,Insurance,Insurance payment /?? Sukoon Insurance,1160,Mashreq_Main,business_registered_regular,BR,GST5,Tax Group,Yes
03-01-2024,Personal,Personal - Home Electricity,SEWA (Sharjah Electricity & Water Authority),Utility,Utility bill /?? SEWA (Sharjah Electricity & Water Authority),568.01,Mashreq_Main,business_registered_regular,BR,GST5,Tax Group,Yes
03-01-2024,Personal,Personal - Travel & Conveyance,Dubai Duty Free,Travel/Retail,Travel/retail purchase /?? Dubai Duty Free,254.7,Mashreq_Main,business_registered_regular,BR,GST5,Tax Group,Yes
03-01-2024,Personal,Personal - Travel & Conveyance,Dubai Taxi,Transport,Transport/taxi /?? Dubai Taxi,83,Mashreq_Main,business_registered_regular,BR,GST5,Tax Group,Yes
03-01-2024,Personal,Personal - Vehicle Fuel,ENOC/EPPCO,Fuel Station,Vehicle fuel /?? ENOC/EPPCO,108.21,Mashreq_Main,business_registered_regular,BR,GST5,Tax Group,Yes
01-01-2024,Business,Software Subscriptions - Business,Google,Software/Cloud,Software/cloud subscription /?? Google,22.04,Mashreq_Main,business_registered_regular,BR,GST5,Tax Group,Yes
30-12-2023,Business,Vat Payment To Fta,Federal Tax Authority (FTA),Government / VAT,VAT payment /?? Federal Tax Authority (FTA),184.57,Mashreq_Main,business_registered_regular,BR,GST5,Tax Group,Yes
29-12-2023,Personal,Personal - Vehicle Fuel,ENOC/EPPCO,Fuel Station,Vehicle fuel /?? ENOC/EPPCO,130.02,Mashreq_Main,business_registered_regular,BR,GST5,Tax Group,Yes
27-12-2023,Personal,Personal - Grocery & Household,Jubily Supermarket,Supermarket,Supermarket purchase /?? Jubily Supermarket,19,Mashreq_Main,business_registered_regular,BR,GST5,Tax Group,Yes
26-12-2023,Business,Vat Payment To Fta,Federal Tax Authority (FTA),Government / VAT,VAT payment /?? Federal Tax Authority (FTA),9228.43,Mashreq_Main,business_registered_regular,BR,GST5,Tax Group,Yes
25-12-2023,Personal,Personal - Vehicle Fuel,ADNOC,Fuel Station,Vehicle fuel /?? ADNOC,125,Mashreq_Main,business_registered_regular,BR,GST5,Tax Group,Yes
24-12-2023,Personal,Personal - Grocery & Household,Nasamat Al Madina Supermarket,Supermarket,Supermarket purchase /?? Nasamat Al Madina Supermarket,44,Mashreq_Main,business_registered_regular,BR,GST5,Tax Group,Yes
23-12-2023,Personal,Personal - Miscellaneous,A B Print House,Printing & Stationery,Printing & stationery /?? A B Print House,2.26,Mashreq_Main,business_registered_regular,BR,GST5,Tax Group,Yes
21-12-2023,Business,Electricity - Business Premises,Dubai Smart Government,Government,Government payment /?? Dubai Smart Government,50,Mashreq_Main,business_registered_regular,BR,GST5,Tax Group,Yes
21-12-2023,Personal,Personal - Grocery & Household,Nasamat Al Madina Supermarket,Supermarket,Supermarket purchase /?? Nasamat Al Madina Supermarket,53,Mashreq_Main,business_registered_regular,BR,GST5,Tax Group,Yes
21-12-2023,Personal,Personal - Vehicle Fuel,ADNOC,Fuel Station,Vehicle fuel /?? ADNOC,120.01,Mashreq_Main,business_registered_regular,BR,GST5,Tax Group,Yes
21-12-2023,Personal,Personal - Vehicle Maintenance,Fast Vehicle Testing,Vehicle Testing,Vehicle testing (RTA) /?? Fast Vehicle Testing,150,Mashreq_Main,business_registered_regular,BR,GST5,Tax Group,Yes
21-12-2023,Personal,Personal - Vehicle Maintenance,The Master Auto,Vehicle Maintenance,Vehicle maintenance/repair /?? The Master Auto,550,Mashreq_Main,business_registered_regular,BR,GST5,Tax Group,Yes
20-12-2023,Personal,Personal - Shopping & Lifestyle,Allied Star General Trading,Retail,Retail purchase /?? Allied Star General Trading,164,Mashreq_Main,business_registered_regular,BR,GST5,Tax Group,Yes
19-12-2023,Personal,Personal - Travel & Conveyance,Dubai Taxi,Transport,Transport/taxi /?? Dubai Taxi,12,Mashreq_Main,business_registered_regular,BR,GST5,Tax Group,Yes
18-12-2023,Personal,Personal - Travel & Conveyance,Metro Taxi,Transport,Transport/taxi /?? Metro Taxi,12,Mashreq_Main,business_registered_regular,BR,GST5,Tax Group,Yes
17-12-2023,Business,Mobile & Telecom - Business,Etisalat (e&),Telecom,Telecom / mobile bill /?? Etisalat (e&),600.45,Mashreq_Main,business_registered_regular,BR,GST5,Tax Group,Yes
16-12-2023,Personal,Personal - Vehicle Fuel,ENOC/EPPCO,Fuel Station,Vehicle fuel /?? ENOC/EPPCO,130.44,Mashreq_Main,business_registered_regular,BR,GST5,Tax Group,Yes
15-12-2023,Personal,Personal - Vehicle Maintenance,Fine Tools Equipment & Trading,Tools & Equipment,Tools & equipment purchase /?? Fine Tools Equipment & Trading,165,Mashreq_Main,business_registered_regular,BR,GST5,Tax Group,Yes
14-12-2023,Business,Software Subscriptions - Business,Google,Software/Cloud,Software/cloud subscription /?? Google,10.83,Mashreq_Main,business_registered_regular,BR,GST5,Tax Group,Yes
13-12-2023,Personal,Personal - Vehicle Maintenance,Motor Land,Vehicle Maintenance,Vehicle maintenance/repair /?? Motor Land,50,Mashreq_Main,business_registered_regular,BR,GST5,Tax Group,Yes
12-12-2023,Personal,Personal - Grocery & Household,Nasamat Al Madina Supermarket,Supermarket,Supermarket purchase /?? Nasamat Al Madina Supermarket,52,Mashreq_Main,business_registered_regular,BR,GST5,Tax Group,Yes
12-12-2023,Personal,Personal - Grocery & Household,Jubily Supermarket,Supermarket,Supermarket purchase /?? Jubily Supermarket,19,Mashreq_Main,business_registered_regular,BR,GST5,Tax Group,Yes
12-12-2023,Personal,Personal - Vehicle Fuel,ADNOC,Fuel Station,Vehicle fuel /?? ADNOC,125.06,Mashreq_Main,business_registered_regular,BR,GST5,Tax Group,Yes
11-12-2023,Personal,Personal - Travel & Conveyance,Dubai Taxi,Transport,Transport/taxi /?? Dubai Taxi,12,Mashreq_Main,business_registered_regular,BR,GST5,Tax Group,Yes
09-12-2023,Personal,Personal - Miscellaneous,Payment Al Quoz Branch (Bank Counter),Bank/Cash,Cash/bank transaction /?? Payment Al Quoz Branch (Bank Counter),0,Mashreq_Main,business_registered_regular,BR,GST5,Tax Group,Yes
09-12-2023,Personal,Personal - Miscellaneous,Shaklan Supermarket,Supermarket,Supermarket purchase /?? Shaklan Supermarket,70,Mashreq_Main,business_registered_regular,BR,GST5,Tax Group,Yes
08-12-2023,Personal,Personal - Vehicle Fuel,ADNOC,Fuel Station,Vehicle fuel /?? ADNOC,122.49,Mashreq_Main,business_registered_regular,BR,GST5,Tax Group,Yes
06-12-2023,Personal,Personal - Medical & Pharmacy,Salah Din Medical Fitness,Medical,Medical expense /?? Salah Din Medical Fitness,78.14,Mashreq_Main,business_registered_regular,BR,GST5,Tax Group,Yes
06-12-2023,Personal,Personal - Medical & Pharmacy,Rapid Pro Typing Services,Printing & Stationery,Printing & stationery /?? Rapid Pro Typing Services,261.86,Mashreq_Main,business_registered_regular,BR,GST5,Tax Group,Yes
06-12-2023,Personal,Personal - Miscellaneous,A B Print House,Printing & Stationery,Printing & stationery /?? A B Print House,3.5,Mashreq_Main,business_registered_regular,BR,GST5,Tax Group,Yes
05-12-2023,Personal,Personal - Vehicle Fuel,ENOC/EPPCO,Fuel Station,Vehicle fuel /?? ENOC/EPPCO,131.01,Mashreq_Main,business_registered_regular,BR,GST5,Tax Group,Yes
04-12-2023,Personal,Personal - Vehicle Maintenance,The Master Auto,Vehicle Maintenance,Vehicle maintenance/repair /?? The Master Auto,350,Mashreq_Main,business_registered_regular,BR,GST5,Tax Group,Yes
03-12-2023,Personal,Personal - Home Electricity,SEWA (Sharjah Electricity & Water Authority),Utility,Utility bill /?? SEWA (Sharjah Electricity & Water Authority),467.77,Mashreq_Main,business_registered_regular,BR,GST5,Tax Group,Yes
01-12-2023,Personal,Personal - Miscellaneous,Green Gift Department Store,Retail,Retail purchase /?? Green Gift Department Store,43,Mashreq_Main,business_registered_regular,BR,GST5,Tax Group,Yes
29-11-2023,Personal,Personal - Vehicle Fuel,ADNOC,Fuel Station,Vehicle fuel /?? ADNOC,125.01,Mashreq_Main,business_registered_regular,BR,GST5,Tax Group,Yes
29-11-2023,Personal,Personal - Vehicle Maintenance,Tyre Shop (Al Qouz/Al Taqdeer/Rukn Al Sahil),Vehicle Maintenance,Vehicle maintenance/repair /?? Tyre Shop (Al Qouz/Al Taqdeer/Rukn Al Sahil),40,Mashreq_Main,business_registered_regular,BR,GST5,Tax Group,Yes
28-11-2023,Personal,Personal - Grocery & Household,Nasamat Al Madina Supermarket,Supermarket,Supermarket purchase /?? Nasamat Al Madina Supermarket,63,Mashreq_Main,business_registered_regular,BR,GST5,Tax Group,Yes
26-11-2023,Personal,Personal - Shopping & Lifestyle,Grand City Mall,Shopping Mall,Shopping mall purchase /?? Grand City Mall,55.75,Mashreq_Main,business_registered_regular,BR,GST5,Tax Group,Yes
26-11-2023,Personal,Personal - Vehicle Fuel,ENOC/EPPCO,Fuel Station,Vehicle fuel /?? ENOC/EPPCO,124.04,Mashreq_Main,business_registered_regular,BR,GST5,Tax Group,Yes
23-11-2023,Personal,Personal - Vehicle Fuel,ADNOC,Fuel Station,Vehicle fuel /?? ADNOC,100,Mashreq_Main,business_registered_regular,BR,GST5,Tax Group,Yes
21-11-2023,Personal,Personal - Grocery & Household,ABC Supermarket,Supermarket,Supermarket purchase /?? ABC Supermarket,68.5,Mashreq_Main,business_registered_regular,BR,GST5,Tax Group,Yes
21-11-2023,Personal,Personal - Travel & Conveyance,Uber,Transport,Transport/taxi /?? Uber,87.41,Mashreq_Main,business_registered_regular,BR,GST5,Tax Group,Yes
21-11-2023,Personal,Personal - Travel & Conveyance,Uber,Transport,Transport/taxi /?? Uber,1.8,Mashreq_Main,business_registered_regular,BR,GST5,Tax Group,Yes
20-11-2023,Personal,Personal - Vehicle Fuel,ENOC/EPPCO,Fuel Station,Vehicle fuel /?? ENOC/EPPCO,130,Mashreq_Main,business_registered_regular,BR,GST5,Tax Group,Yes
19-11-2023,Personal,Personal - Grocery & Household,Al Bawadi Supermarket,Supermarket,Supermarket purchase /?? Al Bawadi Supermarket,10.75,Mashreq_Main,business_registered_regular,BR,GST5,Tax Group,Yes
19-11-2023,Personal,Personal - Grocery & Household,Day To Day Supermarket,Supermarket,Supermarket purchase /?? Day To Day Supermarket,35.97,Mashreq_Main,business_registered_regular,BR,GST5,Tax Group,Yes
19-11-2023,Personal,Personal - Grocery & Household,Nasamat Al Madina Supermarket,Supermarket,Supermarket purchase /?? Nasamat Al Madina Supermarket,58,Mashreq_Main,business_registered_regular,BR,GST5,Tax Group,Yes
19-11-2023,Personal,Personal - Shopping & Lifestyle,Giordano,Retail - Apparel,Clothing purchase /?? Giordano,218.5,Mashreq_Main,business_registered_regular,BR,GST5,Tax Group,Yes
18-11-2023,Business,Miscellaneous Business Expenses,Alhind & Middle East Exchange,Money Exchange,Currency exchange /?? Alhind & Middle East Exchange,1433.09,Mashreq_Main,business_registered_regular,BR,GST5,Tax Group,Yes
18-11-2023,Personal,Personal - Grocery & Household,Al Bawadi Supermarket,Supermarket,Supermarket purchase /?? Al Bawadi Supermarket,23.5,Mashreq_Main,business_registered_regular,BR,GST5,Tax Group,Yes
16-11-2023,Business,Mobile & Telecom - Business,Digital,Uncategorised - review,"Digital /?? uncategorised, please review",446.14,Mashreq_Main,business_registered_regular,BR,GST5,Tax Group,Yes
16-11-2023,Personal,Personal - Vehicle Fuel,ENOC/EPPCO,Fuel Station,Vehicle fuel /?? ENOC/EPPCO,125.01,Mashreq_Main,business_registered_regular,BR,GST5,Tax Group,Yes
15-11-2023,Personal,Personal - Grocery & Household,Nesto Hypermarket,Supermarket,Supermarket purchase /?? Nesto Hypermarket,391.61,Mashreq_Main,business_registered_regular,BR,GST5,Tax Group,Yes
14-11-2023,Personal,Personal - Amazon Shopping,Amazon,Online Marketplace,Online shopping /?? Amazon,114.49,Mashreq_Main,business_registered_regular,BR,GST5,Tax Group,Yes
13-11-2023,Personal,Personal - Vehicle Fuel,Emarat,Fuel Station,Vehicle fuel /?? Emarat,270.11,Mashreq_Main,business_registered_regular,BR,GST5,Tax Group,Yes
13-11-2023,Personal,Personal - Vehicle Fuel,ENOC/EPPCO,Fuel Station,Vehicle fuel /?? ENOC/EPPCO,135.02,Mashreq_Main,business_registered_regular,BR,GST5,Tax Group,Yes
12-11-2023,Personal,Personal - Food & Dining,Bikaner Restaurant,Restaurant,Restaurant / dining /?? Bikaner Restaurant,33,Mashreq_Main,business_registered_regular,BR,GST5,Tax Group,Yes
12-11-2023,Personal,Personal - Grocery & Household,Grand City Mall,Shopping Mall,Shopping mall purchase /?? Grand City Mall,45.25,Mashreq_Main,business_registered_regular,BR,GST5,Tax Group,Yes
10-11-2023,Personal,Personal - Grocery & Household,Choithram Supermarket,Supermarket,Supermarket purchase /?? Choithram Supermarket,151.07,Mashreq_Main,business_registered_regular,BR,GST5,Tax Group,Yes
10-11-2023,Personal,Personal - Miscellaneous,Dubai Smart Government,Government,Government payment /?? Dubai Smart Government,50,Mashreq_Main,business_registered_regular,BR,GST5,Tax Group,Yes
10-11-2023,Personal,Personal - Shopping & Lifestyle,Green Gift Department Store,Retail,Retail purchase /?? Green Gift Department Store,79.75,Mashreq_Main,business_registered_regular,BR,GST5,Tax Group,Yes
09-11-2023,Business,Mobile & Telecom - Business,DU,Telecom,Telecom / mobile bill /?? DU,15,Mashreq_Main,business_registered_regular,BR,GST5,Tax Group,Yes
09-11-2023,Personal,Personal - Miscellaneous,Payment Al Quoz Branch (Bank Counter),Bank/Cash,Cash/bank transaction /?? Payment Al Quoz Branch (Bank Counter),0,Mashreq_Main,business_registered_regular,BR,GST5,Tax Group,Yes
09-11-2023,Personal,Personal - Vehicle Fuel,ENOC/EPPCO,Fuel Station,Vehicle fuel /?? ENOC/EPPCO,131.6,Mashreq_Main,business_registered_regular,BR,GST5,Tax Group,Yes
08-11-2023,Personal,Personal - Miscellaneous,Al Bari Flowers,Retail - Florist,Florist purchase /?? Al Bari Flowers,187,Mashreq_Main,business_registered_regular,BR,GST5,Tax Group,Yes
08-11-2023,Personal,Personal - Shopping & Lifestyle,Smoke Bazar,Retail,Retail purchase /?? Smoke Bazar,35,Mashreq_Main,business_registered_regular,BR,GST5,Tax Group,Yes
08-11-2023,Business,Printing & Stationery,A B Print House,Printing & Stationery,Printing & stationery /?? A B Print House,2.99,Mashreq_Main,business_registered_regular,BR,GST5,Tax Group,Yes
06-11-2023,Business,Mobile & Telecom - Business,Virgin Mobile UAE,Telecom,Telecom / mobile bill /?? Virgin Mobile UAE,882,Mashreq_Main,business_registered_regular,BR,GST5,Tax Group,Yes
06-11-2023,Personal,Personal - Grocery & Household,Nesto Hypermarket,Supermarket,Supermarket purchase /?? Nesto Hypermarket,388.06,Mashreq_Main,business_registered_regular,BR,GST5,Tax Group,Yes
06-11-2023,Personal,Personal - Vehicle Fuel,ENOC/EPPCO,Fuel Station,Vehicle fuel /?? ENOC/EPPCO,140.01,Mashreq_Main,business_registered_regular,BR,GST5,Tax Group,Yes
05-11-2023,Personal,Personal - Amazon Shopping,Amazon,Online Marketplace,Online shopping /?? Amazon,115.94,Mashreq_Main,business_registered_regular,BR,GST5,Tax Group,Yes
05-11-2023,Personal,Personal - Grocery & Household,Al Bawadi Supermarket,Supermarket,Supermarket purchase /?? Al Bawadi Supermarket,22.25,Mashreq_Main,business_registered_regular,BR,GST5,Tax Group,Yes
03-11-2023,Personal,Personal - Grocery & Household,Al Bawadi Supermarket,Supermarket,Supermarket purchase /?? Al Bawadi Supermarket,10.5,Mashreq_Main,business_registered_regular,BR,GST5,Tax Group,Yes
03-11-2023,Personal,Personal - Vehicle Fuel,ENOC/EPPCO,Fuel Station,Vehicle fuel /?? ENOC/EPPCO,120.01,Mashreq_Main,business_registered_regular,BR,GST5,Tax Group,Yes
02-11-2023,Personal,Personal - Miscellaneous,Dubai Smart Government,Government,Government payment /?? Dubai Smart Government,50,Mashreq_Main,business_registered_regular,BR,GST5,Tax Group,Yes
01-11-2023,Personal,Personal - Food & Dining,Bikanervala,Restaurant,Restaurant / dining /?? Bikanervala,102,Mashreq_Main,business_registered_regular,BR,GST5,Tax Group,Yes
01-11-2023,Business,Software Subscriptions - Business,Google,Software/Cloud,Software/cloud subscription /?? Google,10.61,Mashreq_Main,business_registered_regular,BR,GST5,Tax Group,Yes
31-10-2023,Business,Licensing & Government Fees,ICP Smart Services (Federal Authority),Government,Government payment /?? ICP Smart Services (Federal Authority),153.47,Mashreq_Main,business_registered_regular,BR,GST5,Tax Group,Yes
31-10-2023,Personal,Personal - Food & Dining,Talabat,Food Delivery,Food delivery /?? Talabat,43.92,Mashreq_Main,business_registered_regular,BR,GST5,Tax Group,Yes
31-10-2023,Personal,Personal - Grocery & Household,Al Rageef Al Lebnani,Restaurant/Bakery,Restaurant/bakery /?? Al Rageef Al Lebnani,58.5,Mashreq_Main,business_registered_regular,BR,GST5,Tax Group,Yes
31-10-2023,Personal,Personal - Grocery & Household,Masafi,Grocery/Water,Grocery/drinking water /?? Masafi,400,Mashreq_Main,business_registered_regular,BR,GST5,Tax Group,Yes
31-10-2023,Personal,Personal - Vehicle Fuel,ENOC/EPPCO,Fuel Station,Vehicle fuel /?? ENOC/EPPCO,135,Mashreq_Main,business_registered_regular,BR,GST5,Tax Group,Yes
30-10-2023,Personal,Personal - Food & Dining,Venus Restaurant,Restaurant,Restaurant / dining /?? Venus Restaurant,40.25,Mashreq_Main,business_registered_regular,BR,GST5,Tax Group,Yes
30-10-2023,Personal,Personal - Miscellaneous,Dubai Smart Government,Government,Government payment /?? Dubai Smart Government,50,Mashreq_Main,business_registered_regular,BR,GST5,Tax Group,Yes
30-10-2023,Personal,Personal - Miscellaneous,Safar Tas Restaurant,Restaurant,Restaurant / dining /?? Safar Tas Restaurant,22,Mashreq_Main,business_registered_regular,BR,GST5,Tax Group,Yes
30-10-2023,Personal,Personal - Shopping & Lifestyle,Vape Mart,Retail,Retail purchase /?? Vape Mart,70,Mashreq_Main,business_registered_regular,BR,GST5,Tax Group,Yes
30-10-2023,Personal,Personal - Vehicle Fuel,ADNOC,Fuel Station,Vehicle fuel /?? ADNOC,325.02,Mashreq_Main,business_registered_regular,BR,GST5,Tax Group,Yes
29-10-2023,Personal,Personal - Grocery & Household,Nasamat Al Madina Supermarket,Supermarket,Supermarket purchase /?? Nasamat Al Madina Supermarket,50,Mashreq_Main,business_registered_regular,BR,GST5,Tax Group,Yes
28-10-2023,Business,Mobile & Telecom - Business,DU,Telecom,Telecom / mobile bill /?? DU,1,Mashreq_Main,business_registered_regular,BR,GST5,Tax Group,Yes
28-10-2023,Business,Mobile & Telecom - Business,DU,Telecom,Telecom / mobile bill /?? DU,61,Mashreq_Main,business_registered_regular,BR,GST5,Tax Group,Yes
28-10-2023,Personal,Personal - Vehicle Fuel,ENOC/EPPCO,Fuel Station,Vehicle fuel /?? ENOC/EPPCO,153.01,Mashreq_Main,business_registered_regular,BR,GST5,Tax Group,Yes
26-10-2023,Personal,Personal - Food & Dining,Mister Shawarma Cafe,Restaurant,Restaurant / dining /?? Mister Shawarma Cafe,17,Mashreq_Main,business_registered_regular,BR,GST5,Tax Group,Yes
26-10-2023,Personal,Personal - Grocery & Household,Thamam Al Madina Supermarket,Supermarket,Supermarket purchase /?? Thamam Al Madina Supermarket,86,Mashreq_Main,business_registered_regular,BR,GST5,Tax Group,Yes
26-10-2023,Personal,Personal - Grocery & Household,Lulu Hypermarket,Supermarket,Supermarket purchase /?? Lulu Hypermarket,304.05,Mashreq_Main,business_registered_regular,BR,GST5,Tax Group,Yes
25-10-2023,Personal,Personal - Vehicle Fuel,ENOC/EPPCO,Fuel Station,Vehicle fuel /?? ENOC/EPPCO,138.26,Mashreq_Main,business_registered_regular,BR,GST5,Tax Group,Yes
23-10-2023,Personal,Personal - Vehicle Maintenance,Al Meeraj Auto Repair,Vehicle Maintenance,Vehicle maintenance/repair /?? Al Meeraj Auto Repair,2950,Mashreq_Main,business_registered_regular,BR,GST5,Tax Group,Yes
22-10-2023,Personal,Personal - Food & Dining,Bikanervala,Restaurant,Restaurant / dining /?? Bikanervala,84,Mashreq_Main,business_registered_regular,BR,GST5,Tax Group,Yes
22-10-2023,Personal,Personal - Grocery & Household,Nasamat Al Madina Supermarket,Supermarket,Supermarket purchase /?? Nasamat Al Madina Supermarket,64.75,Mashreq_Main,business_registered_regular,BR,GST5,Tax Group,Yes
22-10-2023,Personal,Personal - Vehicle Fuel,ENOC/EPPCO,Fuel Station,Vehicle fuel /?? ENOC/EPPCO,145.02,Mashreq_Main,business_registered_regular,BR,GST5,Tax Group,Yes
21-10-2023,Personal,Personal - Shopping & Lifestyle,Vape Mart,Retail,Retail purchase /?? Vape Mart,105,Mashreq_Main,business_registered_regular,BR,GST5,Tax Group,Yes
21-10-2023,Business,Printing & Stationery,A B Print House,Printing & Stationery,Printing & stationery /?? A B Print House,6.01,Mashreq_Main,business_registered_regular,BR,GST5,Tax Group,Yes
20-10-2023,Business,Mobile & Telecom - Business,Virgin Mobile UAE,Telecom,Telecom / mobile bill /?? Virgin Mobile UAE,661.5,Mashreq_Main,business_registered_regular,BR,GST5,Tax Group,Yes
20-10-2023,Personal,Personal - Shopping & Lifestyle,Tyre Shop (Al Qouz/Al Taqdeer/Rukn Al Sahil),Vehicle Maintenance,Vehicle maintenance/repair /?? Tyre Shop (Al Qouz/Al Taqdeer/Rukn Al Sahil),315,Mashreq_Main,business_registered_regular,BR,GST5,Tax Group,Yes
19-10-2023,Business,Mobile & Telecom - Business,Virgin Mobile UAE,Telecom,Telecom / mobile bill /?? Virgin Mobile UAE,554.4,Mashreq_Main,business_registered_regular,BR,GST5,Tax Group,Yes
19-10-2023,Personal,Personal - Amazon Shopping,Amazon,Online Marketplace,Online shopping /?? Amazon,6.71,Mashreq_Main,business_registered_regular,BR,GST5,Tax Group,Yes
19-10-2023,Personal,Personal - Food & Dining,Bikanervala,Restaurant,Restaurant / dining /?? Bikanervala,92,Mashreq_Main,business_registered_regular,BR,GST5,Tax Group,Yes
19-10-2023,Personal,Personal - Grocery & Household,Taj Al Sultan Vegetables,Grocery,Grocery purchase /?? Taj Al Sultan Vegetables,29,Mashreq_Main,business_registered_regular,BR,GST5,Tax Group,Yes
19-10-2023,Personal,Personal - Grocery & Household,ABC Supermarket,Supermarket,Supermarket purchase /?? ABC Supermarket,35,Mashreq_Main,business_registered_regular,BR,GST5,Tax Group,Yes
19-10-2023,Personal,Personal - Vehicle Fuel,Emarat,Fuel Station,Vehicle fuel /?? Emarat,141.09,Mashreq_Main,business_registered_regular,BR,GST5,Tax Group,Yes
16-10-2023,Personal,Personal - Food & Dining,Bikanervala,Restaurant,Restaurant / dining /?? Bikanervala,36.5,Mashreq_Main,business_registered_regular,BR,GST5,Tax Group,Yes
16-10-2023,Personal,Personal - Miscellaneous,Dubai Smart Government,Government,Government payment /?? Dubai Smart Government,841.82,Mashreq_Main,business_registered_regular,BR,GST5,Tax Group,Yes
16-10-2023,Personal,Personal - Miscellaneous,Dubai Smart Government,Government,Government payment /?? Dubai Smart Government,50,Mashreq_Main,business_registered_regular,BR,GST5,Tax Group,Yes
16-10-2023,Personal,Personal - Mobile & Utilities,Etisalat (e&),Telecom,Telecom / mobile bill /?? Etisalat (e&),442.95,Mashreq_Main,business_registered_regular,BR,GST5,Tax Group,Yes
16-10-2023,Personal,Personal - Vehicle Fuel,ENOC/EPPCO,Fuel Station,Vehicle fuel /?? ENOC/EPPCO,160.01,Mashreq_Main,business_registered_regular,BR,GST5,Tax Group,Yes
15-10-2023,Personal,Personal - Grocery & Household,ABC Supermarket,Supermarket,Supermarket purchase /?? ABC Supermarket,50,Mashreq_Main,business_registered_regular,BR,GST5,Tax Group,Yes
13-10-2023,Personal,Personal - Shopping & Lifestyle,Noon,Online Marketplace,Online shopping /?? Noon,338,Mashreq_Main,business_registered_regular,BR,GST5,Tax Group,Yes
